DivisionNm,AJP,ALP,ASP,AUC,AUD,AUP,AUVA,CEC,CLP,CYA,DHJP,DPDA,GAP,GRN,HMP,IAP,IMO,IND,JLN,KAP,LDP,LNP,LP,NAFD,NP,ON,REAS,SAL,SOPA,SPP,TEAL,TLOC,TNL,UAPP,VNS,WAP,XEN
Adelaide,0.0022921135809962374,0.40024804422097454,,,,0.00016886139564577156,,,,0.007455899098994916,,0.000351571212627572,0.00048246113041649016,0.21669667973625203,,,,0.0018488195545758594,,,0.0006600405397479791,,0.2994175299536013,,4.933273720925372e-05,0.028032579143863694,,,0.012433023330832951,,,,0.00010855375434371029,0.027897015257814118,,,0.0018574753521034871
Aston,0.00238309108120701,0.3294993372273387,,,,,,4.649933816989287e-05,,0.0008951122597704378,0.00166235133957367,,,0.12314124393898407,,,,0.008032760668848993,,,0.0215291935726604,,0.4171864067353663,,,0.028410467252369814,,,,,,,0.008195508352443618,0.059018028233267066,,,
Ballarat,,0.44629869027565583,,,,,,,,0.007155821940167927,,,,0.14409579399589978,,,,0.020109426620179942,,,0.03447330277745132,,0.2743239184654157,,,0.03385957352345882,,,,,,,,0.03968347240177068,,,
Banks,,0.3409422124043137,,,,,,,,,,,,0.08365164833479068,,,,,,,0.011965575958396613,,0.4603678647583107,0.009618482212711124,,0.03247580038964824,,,,,,,,0.060978415941828894,,,
Barker,,0.2079949012195382,,,,,,,,0.007350573639082155,,,,0.07290160701357729,,,,0.049538819175678234,,,,,0.5310907977966255,,0.0236142368496214,0.0654460176710208,,,,,,,,0.0420630466348564,,,
Barton,,0.4712204780087682,,,,,,,,,,,,0.09868948286428134,,,,,,,0.0020977702352331117,,0.31422948192146327,0.0018149248102578607,,0.046186300853250366,,,,,,,,0.06576156130674586,,,
Bass,0.01342017145561964,0.28771935975876994,,,,,,,,,,,,0.11262717460540078,,,,0.046186661056666835,0.06684782291100554,,0.010844246536117295,,0.39748543445358014,,,0.04788952975345219,,,,,,,,0.016979599469387516,,,
Bean,,0.4226128434273742,,,0.0,,,,,,,,,0.14421281209481077,,,4.7440148873806715e-05,0.07859922479486962,,,0.0003444927089731662,,0.2983083449704202,,,0.02700640800569061,,,,8.302026052916175e-05,,,,0.02878541358845836,,,
Bendigo,,0.4243672890461624,,,,,,7.226828979584209e-05,,4.8178859863894725e-05,,,,0.13923690500665575,,,,0.045069662062678206,,,0.03099105160745028,,0.2604129675893334,,0.007419544419039787,0.05499533786463818,,,0.00013249186462571048,,,,,0.03725430338975659,,,
Bennelong,0.0008414465400964859,0.3285705381518094,,,,,,,,,,0.007157905234420774,,0.10006939336898574,,,0.001615577356985253,0.08582089862335192,,,0.013198452569424535,,0.4014487424010106,,,0.01494409055211359,,,0.012206584474999688,0.003242997294905197,,,0.002521015387044632,0.028362358044852216,,,
Berowra,0.0003071587812732227,0.255159772108001,,,,,,,,0.004052514243249938,,0.0022888283378746594,,0.14998266039137972,,,,0.0438642556353728,,,0.01860787713648749,,0.46090661382214515,,,0.026544463710676244,,,0.012444884815457023,,,,,0.025840971018082734,,,
Blair,0.019893649561186794,0.3625914684360368,,,,,0.017540763746735372,,,0.0001529375779393426,,,,0.12674995882449824,,,,,,,0.02539940236700313,0.28584033316863133,,,,0.09845650690571986,,,,,,,,0.06337497941224912,,,
Blaxland,0.004925483946906181,0.5385256143273636,,,,,,,,,,,,0.06404939970664397,,,,0.00994150987813049,,,0.009669883925176105,,0.2552016369990765,,,0.04079821813374862,,,0.0005794686996360212,,,,,0.07630878438331855,,,
Bonner,0.00015808686154465234,0.30404414934896956,,,,,,,,0.0006898335776493921,,,,0.17649679514817052,,,,,,,,0.426662067776149,,,,0.05847776723865367,,,,,,,,0.033471300048863215,,,
Boothby,0.010642886233961316,0.3288839919660721,,,,,,,,0.004983848553911919,,,0.00031626172442767104,0.15534201926165916,,,,0.00912796770158485,,,0.009592124352196786,,0.37370502255569815,,,0.02031763467913698,,,0.0005349185373509401,,0.06200528262309042,,,0.022377832046733572,,,0.002170209764176087
Bowman,,0.29461511029599063,,,,,,,,,,,,0.13075042029650008,,,,,,,,0.41944317081868665,,,,0.07552600743797443,,,,,,,0.011131489123236029,0.06853380202761221,,,
Braddon,0.007677448115310318,0.22674063433883138,,,,,,,,,,,,0.06541516007066554,,,,0.0812983968167484,0.09784205920715901,,0.013918470454207736,,0.4389353938613436,,,0.04403387983555401,,,,,,0.010121022999323064,,0.014017534300856902,,,
Bradfield,1.1355492525562476e-05,0.17016331721694544,,,,,,,,,,,,0.07833060801512719,,,0.0015443469834764967,0.11623524206545474,,,0.0032935134062103606,,0.42791575402152665,,,0.013388125687638159,,,,0.003392768822359722,0.16027142150578877,,0.003015093552435459,0.02243845323051145,,,
Brand,,0.5156507912470659,,0.021821761187249187,,,,,,0.0060876807753464076,,,0.01484061482547134,0.11039600212008784,,,,,,,0.010691300068145681,,0.21305368365260846,,,0.05262360869236011,,,,,,,,0.028787764064511244,,0.02604679336715378,
Brisbane,0.013701514675224279,0.29065732865806276,,,,0.00020647005331415853,,,,0.0005343930791660574,,,,0.2912008219092291,,,0.0004884521721626513,0.0002671965395830287,,,0.013789471269973711,0.34601372774147654,,,,0.02224472798608987,,,,,,,4.8581189015096124e-05,0.02084731472670274,,,
Bruce,0.0034598150984062165,0.39436220293800694,,,,,,,,0.0016107991605694516,5.671828030174125e-05,,,0.09566105155691679,,,,0.0019511088423798991,,,0.04400204185809086,,0.3330837729000057,,,0.042754239691452554,,,,,,,,0.08305824967386989,,,
Bullwinkel,0.006109194460122067,0.35305858181486144,,0.009703904171490502,,,,,,0.019991334670106848,,,0.005406962480656475,0.11595983278214392,,,0.0012757435490254904,0.017519013525350045,,,0.011095375232721695,,0.34127448202296995,,0.018493269273464247,0.04498498784955691,,,,,,,,0.030090645449297845,,0.025036672718232456,
Burt,,0.4953908758719965,,0.0394889823939763,,,,,,0.01743992913298638,,,,0.08880522644225446,,,0.001688628058908205,0.0027544015059240393,,,0.0016471044181153804,,0.258055586313808,,,0.04706012623186801,,,,,,,,0.024222123795814416,,0.023447015834348356,
Calare,,0.1484194212682844,,,,,,,,,,,,0.041812623399783456,,,,,,,,,,,0.48022418954206736,0.08313695518332166,,,,,0.20953017854489098,,,0.03687663206165213,,,
Calwell,,0.45791011024215583,,,,,,,,0.018015641194761144,,,,0.09870913031188165,,,,,,,0.00022613775558277585,,0.21965513992273628,,,0.06411005370771695,,,,,,,,0.08894751719589183,0.05242626966927353,,
Canberra,0.0029252860273485553,0.41205415079739,0.0004802174892903528,0.002089658265367491,4.8021748929035284e-05,3.6016311696776464e-05,6.602990477742352e-05,0.00011434170103454909,0.0014639571401454433,0.0026560495636077266,0.00018639610663851195,7.847998783309931e-05,0.0016023114098277942,0.1989041096778671,8.520932279481261e-05,0.0003218163380435497,0.0005256085254024181,0.044882953714816216,0.0006449817657882497,0.0007811373249088864,0.00878645883246247,0.019046241306864234,0.2336136531561266,2.4010874464517642e-05,0.011429920080730429,0.02635813899860292,2.4010874464517642e-05,0.00047668886415789836,0.0004392451800081288,0.00023477299476417252,,9.604349785807057e-05,0.00012049901814600519,0.02466111805920031,0.0006302854546935881,0.002701540809157935,0.0014106388747904114
Canning,,0.34492686478257994,,0.012988946985240585,,,,,,0.0071811503077635844,,,0.002316500099278576,0.08000198557151367,,,0.006370375273016083,0.017241379310344827,,,0.007313521742008075,,0.42623601826725793,,,0.044658812628234824,,,,,,,,0.028426765504004237,,0.022337679528757693,
Capricornia,,0.2900017499854168,,,,,,,,,,,0.020503995800035,0.061468237764685296,,,0.012891559237006358,0.03408096599195007,,,0.014874876042699645,0.3826488945925451,,,,0.14392171731902234,,,,,,,,0.03960800326663944,,,
Casey,0.015385506910439545,0.24944223915625996,,,,,,,,0.007431982151653,0.009952771419465128,,,0.12890794772984093,,,,0.03857966563323965,,,0.02052849650856199,,0.3614580013328311,,,0.03178512444586098,,,,,0.08560542404311419,,,0.050922840668733524,,,
Chifley,,0.5399664538317336,,,,,,,,,,,,0.05481556654967793,,,0.000380565774451351,0.01752012065344553,,,0.029881460808772745,,0.2433506702186139,,,0.06017167744936361,,,,,,,,0.05391348471394139,,,
Chisholm,0.009941520467836258,0.372972972972973,,,,,0.0001422475106685633,0.0026078710289236607,,0.005199936778884147,0.005342184289552711,,,0.13432906590801327,,,,0.04335388019598546,,,0.01846056582898688,,0.37159791370317685,,,0.010305041883989252,0.002955587166113482,,,,,,,0.022791212264896474,,,
Clark,0.012466672795807668,0.2053139652477705,,,,,,,,,,,,0.14187735588857223,,,,,0.00937758573135975,,0.012080536912751677,,0.1614599613864117,,,0.025797554472740646,,,,,0.4145260641721063,0.0027397260273972603,,0.014360577365082283,,,
Cook,,0.23483279076649896,,,,,,,,,,,,0.09013818380494912,,,,0.04500648803697043,,,,,0.5421267102237803,,,0.04137546383773078,,,,,,,,0.04652036333007034,,,
Cooper,0.01948110942387312,0.40437903152539295,,,,,,,,0.0004672351360822334,,,,0.29751197290036213,,,,0.000337447598281613,,,0.0011940453477657076,,0.15102077898480187,,,0.026139210113044944,,0.0022063881426105467,0.014380459188308738,,,,,0.04244052486080287,0.04044179677867331,,
Corangamite,0.019717261904761904,0.3914366883116883,,,,,,,,0.007964691558441558,0.010585768398268398,,,0.161424512987013,,,,0.0026041666666666665,,,0.025737283549783548,,0.32577448593073594,,,0.0223045183982684,,,,,,,,0.032450622294372296,,,
Corio,0.020747616440799296,0.42197977225831856,,,,,,,,0.010183538393323803,0.0022683755136820877,,,0.1484621739248903,,,,0.0005499092154380819,,,0.03537749285984993,,0.2529384225532136,,,0.03568619752639935,,0.02328908876079692,,,,,,0.048517412553287925,0.0,,
Cowan,0.011297967407056624,0.4384130891839926,,0.018167970884736578,,,,,,0.010729276885690035,,,0.0038582163624313317,0.09776376722587903,,,,0.011112191646591609,,,0.010332620532264731,,0.32994541416631346,,,0.02700857158259807,,,,,,,,0.02514473596587011,,0.016226178156575934,
Cowper,,0.13838933546357782,,,,,,,,0.00011982625193469469,,,,0.055389684956812624,,0.00037944979779319985,,0.006690299066353787,,,0.03669678965500025,,,,0.4043736581956164,0.08053322682110939,,,,,0.25431124868940036,,5.9913125967347346e-05,0.02305656797643417,,,
Cunningham,,0.4163986261789238,,,,,,0.009573134165621763,,,,,,0.21192825601046722,,,,,,,0.02318050482472878,,0.23542495774955025,,,0.051769067219102655,,,,,,,,0.05172545385160552,,,
Curtin,,0.1298228761879812,,,,,,,,0.007175188112183266,,,,0.1004671877046675,,,,,,,,,0.4062786534515129,,,0.010842829905834753,,,,,0.3188083074997453,,,0.01638795499861736,,0.010217002139457714,
Dawson,0.00011757063441826883,0.24974998096569698,,,,,,,,,,,0.021397855464124926,0.06732917917091723,,,0.0007707408256308735,0.002743710663814886,,0.05064813616236519,0.0007184872103338651,0.4248903762695749,,,,0.14006581580363092,,,,,,,,0.0415681468294921,,,
Deakin,0.012500807963286148,0.33154935039751793,,,,,,7.756447547023463e-05,,0.010329002650119578,0.00742033481998578,,,0.14769568870790512,,,,0.012319824187188935,,,0.0199340701958503,,0.4063732144011376,,,0.02242906082347618,,,,,,,,0.029371081378062183,,,
Dickson,0.0025386256616252495,0.3263793385615069,,,,0.0001992757671353696,,,,6.642525571178987e-05,,,,0.12902958905165496,0.002926599558970176,,0.00017328327576988662,0.03383702525958576,,,0.013146426556685683,0.4041909949641836,,,,0.057323017087941575,,,,,,,,0.030189398999229067,,,
Dobell,0.0022791085892400753,0.43146504675823144,,,,,,2.386501140565524e-05,,3.579751710848286e-05,,,,0.08100654528274678,,0.00021478510265089717,0.00015512257413675905,0.0010858580189573135,,,0.014864666171973295,,0.3351887368471933,,,0.07728906414166756,,,0.018625023435238957,,,,,0.03776638054944942,,,
Dunkley,0.02048286924690495,0.4149906085907402,,,,,,,,0.00529209339310931,,,,0.10770643962763406,,,,0.035563964408615416,,,0.028558110201675372,,0.302800970674125,,,0.02892828253746281,,,,,,,,0.05567666131973293,,,
Durack,,0.2961113672405564,,0.0012181973769132286,,,,,,0.014546760307302653,,,0.03236698719714714,0.09176804783036385,,,,,,,,,0.34829718207948024,,0.09607091760112943,0.07028234793361338,,,,,,,,0.023715562152754825,,0.025622630280738898,
Eden-Monaro,,0.38541862044257136,0.008088564287993772,,0.00458196127296757,,,,,,,,,0.08242012148612554,,,0.0069664513231853875,0.06638135422290144,,,0.018912550757399067,,0.3411772508993485,,,0.04274603441255157,,,,0.016142062545837284,,,,0.027165028349118485,,,
Fadden,0.0017797907686983917,0.2253818890293697,,,,,,,,0.0009462178770295246,,,,0.10391094377573373,,,0.00017662733704551127,0.03430355210191036,,,0.025637097508202807,0.4500707861088006,,,,0.08818930845891745,,,,,,,0.00025232476720787325,0.06935146226708395,,,
Fairfax,0.02024205137416921,0.22323513562062153,,,,,0.00011226872642356745,,,3.368061792707023e-05,,,0.011507544458415665,0.13288126459493443,,,0.016772947727680978,0.017817046883420156,,,,0.4461110113166876,,,,0.06690093407580384,,,,,,,,0.06438611460391594,,,
Farrer,0.00018719704325331063,0.19109596136072596,0.05243434289246496,,,,,,,,4.9940691401485624e-05,,,0.09229071990795445,,,,0.03461969277453244,,,0.01571714107907013,,0.5165625081052937,,0.00022360541827503883,0.06371062881291137,,,,,,,,0.03310826191411715,,,
Fenner,,0.48237873298594064,,,0.0,,,,,,,,,0.17793296176701354,,,5.97395840388335e-05,0.007547332332347975,,,0.01601993357097184,,0.2633793223933483,,,0.026714361083412085,,,,7.467448004854188e-05,,,,0.025892941802878124,,,
Fisher,0.023821125006767366,0.2388338476530778,,,,,,,,,,,0.00016241676140977748,0.14054463753992746,,,0.0004195766336419252,0.0006496670456391099,,,,0.4277922148232364,,,,0.09588002815223864,,,,,,,,0.0718964863840615,,,
Flinders,0.019024449580343022,0.23491059481814863,,,,,,,,0.004658800632526457,,,,0.09562097068483152,,,,0.002785549203259944,,,0.02412115314438633,,0.4231115436078336,,,0.031687142683371854,,,,,0.12021651867169444,,,0.04386327697360418,,,
Flynn,,0.36793427157677305,,,,,,,,,,,0.023322491637507128,0.04308417985910934,,,,0.03977001217763939,,,,0.3365190449031184,,,,0.11582630678402417,,,,,,,,0.0735436930618285,,,
Forde,0.02008336491095112,0.2816407730200834,,,,,,,,0.0003157761778451434,,,,0.10434823796892763,,,,0.0329196665403562,,,0.029682960717443477,0.35294303397751675,,,,0.08587533156498674,,,,,,,0.007326007326007326,0.08486484779588228,,,
Forrest,,0.2819079222553749,,,,,,,,0.012060455648197205,,,0.03357407768885419,0.13319483561529238,,,,,,,0.017219263266501212,,0.42116784250299766,,,0.05312177574523856,,,,,,,,0.02640751791639943,,0.021346309361144417,
Fowler,,0.36832648870636553,,,,,,,,,,,,0.04859150410677618,,,,0.253689681724846,,,0.03206814681724846,,0.18244674024640656,,,0.034715092402464065,,,,,,,,0.08016234599589322,,,
Franklin,0.014644585039077038,0.36944547822850765,,,,,,,,,,,,0.17344622255303313,,,,0.00805731298846297,0.054633420171194644,,0.020710829921845926,,0.258969110532192,,,0.02906587272050614,,,,,,0.05061406773353182,,0.02041310011164868,,,
Fraser,5.572023981991219e-05,0.42155704638152763,,,,,,2.2288095927964872e-05,,0.002173089352976575,,,0.002429402456148171,0.17389172442998194,,,,0.00306461319009517,,,0.02153030066641407,,0.24617201952437204,,,0.03519290347025653,,,,,,,4.4576191855929745e-05,0.04589118951567968,0.04797512648494439,,
Fremantle,,0.44863850584744286,,0.0006109268633269332,,,,,,0.014764065863734218,,,0.02462617094315471,0.17812881829289579,,,,,,,0.012334904288124745,,0.23469773666143015,,,0.03121545354046663,,0.012378541921219526,,,,,,0.021178797928667017,,0.021426077849537442,
Gellibrand,,0.4307071027001346,,,,,,,,0.012970148071898013,,,,0.1549291313643202,,,,0.0023596484282207616,,,0.0235331380156782,,0.27299073560852005,,,0.02796737667273735,,,,,,,,0.05989389500356323,0.014648824134927548,,
Gilmore,,0.3632459387322474,,,,,,,,,,,,0.10124886042858869,,,,0.043462979031886034,,,0.007853431894818932,,0.4174620783585778,,,0.038948628669969135,,,,,,,,0.027778082883911998,,,
Gippsland,,0.1911472508910785,,,,,,,,3.4566307911195456e-05,,,,0.08028167028312087,,,,0.00043587649258422246,,,0.0372557884778962,,0.002602083456974162,,0.5500250821321498,0.09216422559646169,,,,,,,,0.04605345636182319,,,
Goldstein,0.0019919550717746393,0.13977098942336114,,,,,,,,7.71079382622441e-05,0.0038039916209373754,,,0.09554958682996414,,,,0.0011951730430647836,,,0.0225540719417064,,0.3827381028876923,,,0.013609551103286084,0.0002827291069615617,,,0.0029301016539652757,0.3148959685399612,,,0.020600670839062883,,,
Gorton,,0.4106366705840655,,,,,,0.00020519708247057289,,0.014494375734512285,,,0.015762866789784915,0.08845859682504151,,,,0.025295203984554256,,,0.00042904844516574326,,0.2723338369988994,,,0.06528998078609137,,,,,,,0.00035443132426735314,0.08073572481205812,0.026004066633088962,,
Grayndler,0.0068314786752516135,0.5265215165487775,,,,,,0.0002297021241188288,,,,,,0.2024134060012368,,,,0.013544492402377477,,,0.0015203001676137985,,0.1896334708607959,,,0.022063920301295847,,0.0007465759751674904,0.009082312689640874,,,,,0.02741282425372371,,,
Greenway,0.00033328020170697424,0.4530002463375404,,,,,,,,,,,,0.07259712219791048,,,1.4490443552477142e-05,0.04639840025503181,,,0.028864963556534465,,0.3348741504977467,,,0.02463375403921114,,,,,,,,0.03928359247076553,,,
Grey,,0.21696882025998335,,,,,,,,0.007518365079908547,,,,0.06558188105591126,,,,0.012326763371033582,,,0.013419633040785505,,0.4475975127728133,,,0.06074942080094955,,,,,0.11582801687571093,,,0.0600095867429041,,,
Griffith,0.0003419499287604315,0.28210966822715244,,,,,,,,0.000369305923061266,,,,0.3619338082637899,,,,,,,0.0002462039487075107,0.3013809892122939,,,,0.03052928963973132,,,,,,,,0.023088784856503154,,,
Groom,,0.19281842629620857,0.0003622835007733359,,,,,,,0.016860116766759095,,,,0.06086362812992044,,,,0.07502055262167849,,,,0.41230649184165424,,,,0.09774687530480583,,,,,0.08868978778547243,,,0.055331837752727576,,,
Hasluck,0.005575156020626196,0.44667206554538413,,0.005754758817953475,,,,,,0.01366780682798543,,,0.0010015656939801033,0.10557419101795627,,,,0.024679388309487568,,,0.01317999079630336,,0.2966504914024726,,,0.03527486951929901,,,,,,,,0.02920056292954127,,0.02276915311901073,
Hawke,,0.3703261734287987,,,,,,0.004224618001261899,,0.02062930348668148,,,0.020697884947740927,0.08915589937728033,,,,0.07778509313362413,,,0.0021260252928428387,,0.2683729734178257,,,0.05168298905439882,,,,,,,0.017104216388225936,0.06866375881271775,0.009231064658601486,,
Herbert,0.013243704223938998,0.22105680772693678,,,,,,,,,,,0.008205903009342595,0.08261773656989634,,,0.01711294330112902,0.04096498838323329,,0.07323120546168367,,0.4680512357446239,,,,0.049326306222298284,,,,,,,,0.02618916935691704,,,
Hindmarsh,0.019282367191905705,0.42875218006654203,,,,,,,,0.006296799253487895,,,0.011379757687026317,0.14066729213186693,,,,,,,,,0.31695744054919556,,,0.03955182299503421,,,0.0005951191797807838,,,,,0.03651722094516052,,,
Hinkler,,0.2384685462217108,,,,,,,,,,,0.0007551783659378596,0.05342587265055619,,,,0.13022631377061758,,,,0.40971423091676257,,,,0.08925489067894131,,,,,,,,0.07815496739547373,,,
Holt,0.001359855334538879,0.4137142857142857,,,,,,,,0.007363471971066907,,,,0.08056419529837251,,,,0.026329113924050632,,,0.026227848101265824,,0.3008318264014467,,,0.0418372513562387,,,,,,,,0.10177215189873418,,,
Hotham,0.0041070482246952835,0.4282370605900018,,,,,,0.000397456279809221,,0.002178649237472767,0.0014131778837661192,,,0.14959076723782605,,,,0.005225814049343461,,,0.04667903197314962,,0.2867426249779191,,,0.022301713478184066,0.0031354884296060765,,,4.4161808867691223e-05,,,,0.04994700582935877,,,
Hughes,,0.30269832078749276,,,,,,6.948465547191661e-05,,,,,,0.06287203242617255,,,,,,,0.013329473074696004,,0.38920671685002894,,,0.03593514765489288,,,,,0.12470179502026636,,,0.07118702953097858,,,
Hume,,0.2463632948613324,0.01654166504747471,,,,,,,,,,,0.053847847770048834,,,,0.006567442583453154,,,0.011956113421158305,,0.42803663259886787,,,0.0801694322465317,,,,,0.09888729128615656,,,0.05763028018497649,,,
Hunter,0.018167568332480653,0.4033766205492723,,,,,,,,,,,,0.08300042452676151,,,0.013192985511663601,0.06444098533749877,,,0.00273221069589733,,0.036531072093352344,,0.24073932968312886,0.09918686797217717,,,,,,,,0.03863193529776743,,,
Indi,0.01615596312757277,0.0844861202889253,,,,,,,,,0.009938804356890863,,,0.031741700431684124,,,,,,,0.022479529235660756,,0.3095387813128479,,0.03918107476959629,0.052701987483428935,,,,,0.4097376096244458,,,0.02403842936894737,,,
Isaacs,0.01271639482244819,0.41625150708614844,,,,,,,,,0.0003184785823153393,,,0.11586933278737005,,,,0.02082622443640665,,,0.05897540890375122,,0.2976523578789326,,,0.02605837257444437,,,,0.00025023317181919514,,,,0.05108168975636389,,,
Jagajaga,0.0010589762334581587,0.40455249377116687,,,,,,,,0.007207543228848076,,,,0.17274501320363436,,,,0.027584107896817704,,,0.03652856311635609,,0.2926993599594193,,,0.02142390379996121,,,0.0004654840586629269,,,,,0.03524579647007922,0.0004887582615960732,,
Kennedy,0.00019296286290467542,0.15464857206869911,,,,,,,,3.5037315560795536e-05,,,0.00020197981911517426,0.06060763121008215,,,0.00012520687766578406,0.029687973109640997,,0.4280494425341639,,0.28163611772647323,,,,0.0022982933243960073,,0.00033182398854635775,0.00013783061636048246,,,,,0.042047128546391324,,,
Kingsford Smith,,0.48448187051665154,,,,,,0.00032852280343361205,,,,,,0.1430005863168667,,,,,,,,,0.2945915439644971,,,0.0363874978903324,,0.00023389262694345505,,,,,,0.04097608588127522,,,
Kingston,0.00030419176248707184,0.49588124353592505,,,,,,,,0.010439861288556306,,,,0.12684796495710896,,,,0.026562024700371115,,,0.00015817971649327735,,0.24676035772951269,,,0.04940074222790047,,,,,,,,0.041601265437731946,,,0.0020441686439131228
Kooyong,0.006008032839487049,0.12811604465639143,,,,,0.000840903307184191,,,0.0009958065479812787,0.000863032341583775,,,0.10442691333163677,,,,0.004403677845517211,,,0.014240033636132287,,0.4426692041292778,,,0.005244581152701402,0.003418935814735724,,,8.85161375983359e-05,0.27732105909558635,,,0.01136325916418637,,,
La Trobe,0.02542128529429695,0.268123244930654,,,,,,,,0.010323226587038534,2.0320771618143047e-05,,,0.11532285037815858,,,,0.0015240578713607285,,,0.02198789870589638,,0.42648933406634565,,,0.054259206270660595,,,,,,,,0.07652857512397045,,,
Lalor,,0.441075151844801,,,,,,,,0.010727344151331097,,,,0.1026349983380171,,,,0.026002477865409605,,,0.03863354788021636,,0.25327108451938474,,,0.03568730547245641,,,,,,,,0.07347475296890581,0.018493336959477837,,
Leichhardt,0.011217382221449303,0.27620175225362475,,,,,,,,0.004373492871240585,,,,0.09492894977317268,,,0.01674973904723061,0.004534340463091539,,0.08564963788437605,,0.35047630309925004,,,,0.06649671739150337,,0.03870695792131348,0.008469347963488923,,,,,0.04219537911025866,,,
Lilley,0.002408205506497199,0.4001433447751623,,,,3.682688529419142e-05,,,,4.910251372558856e-05,,,,0.1738443932224387,,,0.011165484642818614,0.0004664738803930913,,,0.021471770179523925,0.3212185277772912,,,,0.03723209963753314,,,,,,,,0.03196377097932221,,,
Lindsay,0.0002646234528549262,0.32465689163669603,0.00022853843655652717,,,,,,,,,,,0.07807594693096936,,,0.018403358312183503,0.00019245342025812814,,,0.01567292541227131,,0.462922645753395,,,0.05866220816243069,,,,,,,,0.0409204084823845,,,
Lingiari,,0.37540258452806874,,,,,,0.010320572000867617,0.3424542758724916,,,,,0.1083887143997037,,,,0.026784155181310835,,,0.04107791248812703,,,,,0.05488774616091165,,,,,,,,0.040684039368518804,,,
Longman,0.017185699161933965,0.31748400269098986,,,,,,,,,,,,0.06994096510578823,0.055102711328754474,,,,,,0.01789593013856512,0.38026398819302115,,,,0.08367850754363733,,,,,,,,0.05844819583730985,,,
Lyne,,0.2125742468611806,,,,,,,,,,,,0.07553321398508542,,,,0.08908437763050257,,,0.05597116672792156,,,,0.4449832240625037,0.07955232551246635,,,,,,,,0.04230144522033979,,,
Lyons,0.017753442840550856,0.29508876721420274,,,,,,,,,,,,0.1134478181516509,,,,,0.10745395719263315,,0.017483822797411647,,0.3635722581715613,,,0.056143188982910236,,,,,,,,0.029056744649079144,,,
Macarthur,,0.4779671207734055,0.00042720843024635687,,,,,,,,,,,0.07854306102751539,,,,0.001471495704181896,,,0.021075615892153607,,0.2834607047356846,,,0.0796506384392652,,,,,,,,0.05740415499754751,,,
Mackellar,0.001774989666156053,0.07655554745057991,,,,,,,,,,,,0.059401366498893673,,,,0.040046684659712596,,,,,0.40411408563717266,,,0.025822452403530528,,,,,0.35778199236511293,,0.004656308507792934,0.029846572811048702,,,
Macnamara,0.016795507198623272,0.31300225186389113,,,,,3.329139187041283e-05,0.0,,0.0005680877253784548,0.000199748351222477,,0.00016645695935206415,0.34385568949887063,,,,0.02458782695988131,,,0.020161352279265268,,0.2372835419309349,,,0.012950351437590591,0.0008156391008251144,0.000399496702444954,0.0002163940471576834,0.00014981126341685774,,,,0.02188994378022901,0.006924609509045869,,
Macquarie,0.018322503616283608,0.4206369251257089,,,,,,,,,,,,0.0932312355061649,,,0.014534016026450531,,,,0.012857897274584989,,0.361880926687025,,,0.050134319105457716,,,,,,,,0.02840217665832434,,,
Makin,0.0005985443057643471,0.4593887893800999,,,,0.00019951476858811573,,,,0.017424289790028774,,0.0001999252928033176,,0.11480235783761956,,,,,,,0.0004768238759569885,,0.3129484181660414,,,0.04855986257948212,,,8.885796638044784e-05,,,,8.867323048360698e-05,0.045223942806751606,,,
Mallee,,0.16214435318758383,0.00047066575671287036,,,,,0.007660085190501965,,,,,,0.048784505683289014,,,,0.1216200315346057,,,0.00022356623443861343,,0.006506954086555433,,0.4919986821358812,0.06404584284470384,,,,,,,,0.09654531334572754,,,
Maranoa,,0.1611422743498215,0.03908570057293698,,,,,,,0.011503734589195189,,,,0.05006449290578036,,,,,,,,0.5421753607103219,,,,0.12115667276599575,,,,,,,,0.07487176410594834,,,
Maribyrnong,0.0005841629690393627,0.4148924270107014,,,,,,,,0.007631405595535504,,,0.014927228208856905,0.14796723715773644,,,,0.0005841629690393627,,,0.03362044321811651,,0.2811315361000286,,,0.031408081335371686,,0.0008078849571820973,,,,,,0.04565171458045913,0.02079371589793306,,
Mayo,0.016127218335994963,0.1773094311612947,,,,,,,,0.011932342157943273,,,,0.11697294136170404,,,,,,,0.012134775860905554,,0.26401853393013786,,,0.04158887964191727,,,,,,,,0.03688791920645988,,,0.32302795834364245
McEwen,,0.37368852295209737,,,,,,,,0.018785347429005377,,,,0.14350806371030597,,,,,,,0.02633945522492456,,0.3238074302044405,,,0.05585643198305322,,,,,,,,0.05741521613141749,0.0005995323647554907,,
McMahon,0.00023823941075452407,0.4721905121154667,,,,,,,,,,,,0.05589692174828021,,,,0.07675279683141584,,,0.03312520473699362,,0.24758038098452437,,,0.0414834373976315,,,,,,,,0.07273250677493324,,,
McPherson,0.0016122821540538559,0.2203204921342394,,,,,0.023087032368801358,,,0.00606312875028646,,,,0.15758210681720036,,,0.0009428623542562097,0.00020952496761249105,,,0.02045643392870227,0.4236055443050209,,,,0.07342852376876799,,,,,,,,0.0726920684510586,,,
Melbourne,0.01291066606660666,0.2677908415841584,,,,,0.0,,,0.0009422817281728173,0.0,,,0.440734698469847,,,,0.009338433843384338,,,0.018803442844284427,,0.19575551305130512,,,0.007889851485148515,0.0032487623762376236,,0.0001125112511251125,,,,,0.01693294329432943,0.02554005400540054,,
Menzies,0.0025966846369887336,0.32289711491014067,,,,,0.00022482118069166524,0.0005957761288329129,,0.007701566600104224,0.0014838197925649906,,,0.12886000673310613,,,,0.05879217991228515,,,0.030409370546811223,,0.39797787759581993,,,0.017659703743330302,,,,,,,,0.030801078219324013,,,
Mitchell,0.0007777297697672983,0.25670020369113017,,,,,,,,0.0002098635886673662,,,,0.11858527251404234,,,,0.0018023578791432628,,,0.0307264983642985,,0.5280291340040738,,,0.027343991111659773,,,0.0006295907660020986,,,,,0.035195358311215355,,,
Monash,0.00014678001786604935,0.25982515506569576,,,,,,,,0.007084750493804765,,,,0.09624116930660326,,,,,,,0.0389746027292428,,0.37121459923825856,,,0.07657192563482357,,,,,0.11023179341740307,,,0.03970922409630212,,,
Moncrieff,0.021116021125532566,0.2107290261748367,,,,,0.0007190645312859651,,,0.006258524624155623,,,,0.11864628175789085,,,0.008815198513172388,0.002010717485632977,,,0.04641643981892763,0.4533600414444955,,,,0.07316513310620025,,,,,,,,0.05876355141786971,,,
Moore,6.8693585392996e-05,0.33301276326816603,,0.0006731971368513608,,,,,,0.008325662549631116,,,0.017448170689820984,0.14130270515339277,,,,0.008408094852102711,,,0.0005770261173011664,,0.4049899020429472,,,0.034250621676947805,,,,,,,,0.023094783409125255,,0.02784837951832058,
Moreton,0.0010441090269636577,0.38542277256740914,,,,,,,,0.014580890973036342,,,,0.21197245017584995,,,,,,,,0.31125439624853457,,,,0.03769783118405627,,,,,,,,0.03802754982415006,,,
New England,0.0015214675884845119,0.2001723119936082,,,,,,,,,,,,0.07291716344367134,,0.0002544749985511323,0.0009275256956536597,0.10561388369528742,,,0.027864323894476368,,,,0.5111301205896059,0.05090213452326994,,,,,,,,0.028696593577391506,,,
Newcastle,0.023442139954117223,0.4402301126107766,,,,,,,,0.009968441033643489,,,,0.204679111690792,,,0.010154767034272339,0.0014440265048735895,,,0.0006870771273188853,,0.23782184905264875,,0.0021194582571531714,0.04530050890288922,,,,,,,,0.024152507831514715,,,
Nicholls,0.00010876621510041763,0.1181499426180525,0.001172499798782502,,,,,0.00356535653099169,,0.00421142784868817,6.013217891980232e-05,,,0.030868162606113095,,,,0.0029895171121886214,,,0.03169385355903255,,0.19692900145467043,,0.24953937507904972,0.0643922408046711,,,0.005635177604352637,,0.250029599948538,,,0.04065494664084867,,,
O'Connor,,0.2746863348247577,,0.02912285607755407,,,,,,0.015399655108128267,,,0.026584172259507835,0.10700060589112605,,,,,,,0.0006737043251304998,,0.43577274422073087,,,0.06960127703206563,,,,,,,,0.018123601789709173,,0.02303504847129009,
Oxley,0.000595494094683561,0.46425381281635625,,,,,0.0003473715552320773,,,,,,,0.14028848380586892,,,,,,,0.0011082806762166275,0.2872431931716677,,,,0.0534952195057399,,,,,,,,0.052668144374234956,,,
Page,,0.184487210702557,,,,,,,,0.008330204273806398,,,,0.07989405688923569,,0.015838113705134056,0.0,0.004148876252051612,,,0.03457451879709174,,,,0.46207616522021006,0.05240062424737563,,,,,0.13180552112775218,,0.002049778447918027,0.024394930336867706,,,
Parkes,,0.19867172209552175,0.022716028730049125,,,,,,,1.173352920504753e-05,,,,0.045192520912415206,,0.04241793565976449,0.014072144826970698,0.02316306140259857,,,0.060184929392970356,,0.00018287543375295506,,0.4907606419547926,0.07653764338267925,,,,,,,,0.026088762679280005,,,
Parramatta,0.019725610702424186,0.41006301021199987,,,,,,,,0.00015519756650215723,,0.0013191793152683366,,0.09245119036533507,,,,0.026368066548716516,,,0.01680789645218363,,0.3578855883539746,,,0.02242604835956172,,,0.0033522674364465967,,,,,0.0494459446875873,,,
Paterson,0.0002531060514355515,0.3918741952878256,,,,,,,,,,,,0.07507345577797098,,,0.015505496803160525,0.004643945813295771,,,0.01911500918885013,,0.35651638036337224,,0.02332977517579866,0.07598683848532535,,,,,,,,0.03770179705296519,,,
Pearce,,0.4325749891989677,,0.020114839149608075,,,,,,0.0075688089291614,,,0.023890662198169318,0.11123231444420643,,,,1.7822940963488384e-05,,,0.014073852326372373,,0.29139386290131736,,,0.04932630933430325,,,,,,,,0.02763215958265273,,0.022174378994277846,
Perth,0.012910876968152997,0.40089603604813995,,0.013112407567215621,,,,,,0.0066246725127765225,,,0.005322474795756488,0.20908541280184373,,,,0.00608467385631385,,,0.012660255582139221,,0.2774094533353314,,,0.024186255613143925,,6.45931407252001e-05,,,,,,0.015344746510678537,,0.01629814126778249,
Petrie,0.019535730769401724,0.30400095293229945,,,,,,,,,,,,0.11718910113114998,0.001478149545834674,,0.0003074324333510874,0.0006263633238550697,,,0.01899007772563749,0.4232301552363451,,,,0.05419093619470831,,,,,,,,0.06045110070741699,,,
Rankin,0.021592535505890124,0.4221898051304635,,,,,,,,0.0015275789937245403,,,,0.10299460530661676,,,,0.002848728393702521,,,0.0027386326103710228,0.3038643619949356,,,,0.08042496972365959,,,,,,,0.0004403831333259936,0.061378399207310363,,,
Reid,,0.420627624038491,,,,,,,,,,,,0.0902669240905887,,,,0.028760994146670344,,,0.01687046060494622,,0.3830406668505409,,,0.02001164536790169,,,0.014020410039532959,,,,,0.026401274861328185,,,
Richmond,,0.2799916865813263,,,,,0.0001586663379425614,,,0.00023799950691384212,,,,0.24599977751840968,,0.0004306657744155238,0.021034623087242427,0.05887183700398898,,,0.0700897214551412,0.006697986123146699,,,0.2476835586453452,0.039938060846273944,,,,,,,5.6666549265200504e-05,0.028808750570588567,,,
Riverina,,0.2502088554720134,0.03913292001934661,,0.001374049157982676,,,,,,,,,0.06459130281844963,,,0.0017038209558985183,0.03375763971331838,,,0.057808996174647145,,0.08423470958096997,,0.3620564569318032,0.07358308050828827,,,,0.004045200721100998,,,,0.027502967946181244,,,
Robertson,0.01792303150132311,0.38534698549389296,,,,,,0.0023589175057958326,,0.0019321786605262347,,,,0.0998118853197618,,0.010146901431965994,0.011024086836131278,,,,0.008015618159546082,,0.3920835925945943,,,0.039326475910652456,,,0.0021941689873772497,,,,,0.02983615759843272,,,
Ryan,0.009161086373217879,0.2250455075270614,,,,0.005249288110242584,,,,0.0033796786463205675,,,,0.313433520659527,,,,0.0004458299490890962,,,0.0241898701408987,0.37810694166133635,,,,0.020997152440970335,,,,,,,,0.019991124491336106,,,
Scullin,0.0002265259495212717,0.45626050415861324,,,,,,,,0.0014941145961636822,,,,0.10452617980557034,,,,0.0003348347368489386,,,0.034288102057627785,,0.2285906498424739,,,0.06308081441374708,,,6.662527927096228e-05,,,,,0.0830957316429418,0.028035917517220923,,
Shortland,0.027509284383479424,0.4067872907106148,,,,,,,,0.0005251772473209708,,,,0.10801145386567966,,,0.000950320733247471,0.02510847411001213,,,0.028084478511497632,,0.3055156115188876,,0.004901654308329061,0.061445737936553585,,,,,,,,0.0311605166743776,,,
Solomon,,0.3986489670132521,,,,,,0.0008600519013290246,0.26070845135189785,,,,,0.14192824590565792,,,,0.002684530934730888,,,0.09836858532197969,,,,,0.04931819117128691,,,,,,,,0.047482976399865685,,,
Spence,,0.43898754978228416,,,,,,,,0.01625720892439161,,,,0.11503422518774425,,,,0.002108658564440589,,,0.0004039404075142797,,0.248475759307882,,0.00010248270567876178,0.1098632064509984,,,,,,,,0.06876696866906584,,,
Sturt,0.011018741542413533,0.3059502625294305,,,,0.0035846311041203586,,,,0.006820422268577997,,0.009523820421672994,,0.16529143099648905,,,,0.0009631612127166677,,,0.009358029415866363,,0.43364956485564776,,,0.024647747047134513,,,0.0003973567588571896,,,,0.0017802865886235337,0.02701454525844969,,,
Swan,0.015038264947787473,0.4189137304867495,,0.0210249266127162,,,,,,0.00942397936728015,,,5.72886283725237e-05,0.15045426026334038,,,2.864431418626185e-05,0.00038779994590631435,,,0.014007620489277936,,0.3042510916513392,,,0.02397584182609706,,,,,,,,0.024791653928209634,,0.0176448975387373,
Sydney,0.002533720378499032,0.4844070978267993,,,,,,0.006648469737768331,,1.0968486487008796e-05,,9.871637838307918e-05,,0.21970432326421588,,,6.581091892205278e-05,0.024333009160317876,,,0.0019908349835782856,,0.20782431403327697,9.871637838307918e-05,,0.016538910695768263,,0.010606526432937507,0.002687279189317155,0.00029919593695118443,,,0.00019946395796745624,0.021952642240427606,,,
Tangney,0.0001474372721423976,0.38341732790049327,,0.018657516620201587,,,,,,0.010494853098863393,,,0.0013939523911644864,0.1256567660304525,,,,,,,0.011030988633926656,,0.39600310958610335,,,0.018751340338837658,,0.0006299592536993352,,,,,,0.016057259275144755,,0.01775948959897062,
Wannon,0.00035727896341463414,0.19310927972560976,,,,,,9.527439024390244e-05,,0.0002262766768292683,0.00046446265243902437,,,0.057593368902439025,,,,0.023032583841463415,,,0.019221608231707318,,0.4387385670731707,,0.0028939596036585366,0.031595369664634144,,,,,0.19890910823170732,,,0.033762862042682924,,,
Warringah,0.01093111001698134,0.10896192763336382,,,,,,,,,,,,0.07609993535702683,,,0.0009947649239858926,0.07360171890019862,,,0.002295160485391693,,0.3418554040520761,,,0.018369238653148583,,,,0.0020661468433797897,0.3400739542408135,,0.0023345156633608317,0.02241612323027301,,,
Watson,,0.5536619495194847,,,,,,,,,,,,0.06240099271306368,,,,,,,0.00011880874432358221,,0.2577753722673989,0.00013200971591509136,,0.05203823001372901,,,,,,,,0.07387263702608513,,,
Wentworth,,0.20072697907062223,,,,,,0.0005797469539287783,,,,,,0.11468106017855659,,,,,,,0.011055167477650618,,0.3613797846339036,,,0.012658325202626748,,0.0010742370028680303,,,0.2763894118078428,,,0.021455287672000587,,,
Werriwa,,0.3718486220582481,,,,,,,,,,,,0.06519835280526208,,,,0.0010807386289526152,,,0.09415469469133732,,0.3230849497829206,,,0.048111502413028494,,,,,,,,0.0965211396202508,,,
Whitlam,,0.4260163103916965,0.0021932534288891634,,,,,0.0004942542938341777,,,,,,0.10250628114831747,,,,0.016001482762881502,,,0.034731661106305864,,0.2989620659829482,,,0.06694056592116644,,,,,,,,0.05215412496396062,,,
Wide Bay,0.00046720862867593075,0.2172920587881943,,,,,0.010745798459546407,,,0.0052727830950569324,,,0.000533952718486778,0.09373539973035387,,,0.02301336216678013,0.07343184760989414,,,,0.42215636805360884,,,,0.1041207801049217,,,,,,,,0.049230440644480934,,,
Wills,0.015635189268080614,0.37403347514206753,,,,,,,,0.007685619352234264,,,,0.3191472844144955,,,,0.0009160637207713567,,,0.001738968419091389,,0.15591715057603328,,,0.02426792534857001,,0.03404962270595907,,,,,,0.03400304319473341,0.032605657857963544,,
Wright,0.00021011798933247131,0.2133182479392274,,,,,0.0003879101341522547,,,0.015096169387425246,,,,0.10929368029739776,,,,0.0008404719573298853,,,0.0008727978018425732,0.4220300630353968,,,,0.14984645223856474,,,,,,,6.465168902537579e-05,0.08803943753030548,,,
