DivisionNm,upto50k,50to99k,100to150k,150kplus,18to34,35to49,50to64,65plus,female,male,englishonly,nonenglish,christian,noreligion,notertiary,tafe,university
Adelaide,0.11181443051159809,0.6122617950669711,0.16410934390983267,0.11181443051159809,0.3637992171875192,0.24632213101679734,0.19981963411491885,0.19005901768076466,0.5028792632324663,0.49712073676753366,0.6261891674770623,0.37381083252293773,0.48201955801754603,0.517980441982454,0.09908719999276273,0.334669211771411,0.5662435882358263
Aston,0.07663160645456327,0.6680276997452146,0.17870908734565885,0.07663160645456327,0.26450171547115614,0.2609547159136244,0.2484060262724589,0.22613754234276057,0.5099443255803253,0.4900556744196747,0.7147626841243863,0.28523731587561374,0.5027091047702026,0.4972908952297974,0.09363439774311463,0.46715112130758846,0.43921448094929694
Ballarat,0.0791727504521978,0.6826116329243577,0.15904286617124677,0.0791727504521978,0.2601732473811442,0.23852571850658072,0.24886684125705077,0.2524341928552243,0.5114326289183626,0.48856737108163745,0.934795952852246,0.065204047147754,0.4590756125393399,0.5409243874606601,0.13722905114583736,0.502320110641488,0.36045083821267465
Banks,0.10829020603456693,0.6047586498714318,0.1786609380594343,0.10829020603456693,0.2751241712797847,0.2520841082642277,0.24452078273490435,0.22827093772108323,0.5105598314091991,0.4894401685908008,0.534602044925855,0.4653979550741451,0.6757776095060578,0.3242223904939422,0.12250317905089858,0.4153022067677211,0.4621946141813803
Barker,0.06288871985323728,0.7474607364982774,0.1267618237952481,0.06288871985323728,0.22338481857871373,0.21666360934805737,0.2692225850240305,0.29072898704919836,0.49560238577852334,0.5043976142214767,0.9372906145307265,0.06270938546927346,0.4630225925585185,0.5369774074414815,0.18279395682287658,0.6063834096156183,0.21082263356150513
Barton,0.08843999075892342,0.6463266720572947,0.1767933464248585,0.08843999075892342,0.3539955780164245,0.25362019534476893,0.2025912337820108,0.18979299285679577,0.500579276745752,0.499420723254248,0.36524880501028034,0.6347511949897197,0.6240335073886843,0.3759664926113157,0.135851841055259,0.3467852132563266,0.5173629456884143
Bass,0.07103771421081949,0.7208624135784265,0.13706215799993446,0.07103771421081949,0.27290130701824356,0.2191164237610675,0.2460430506968105,0.2619392185238784,0.5094341338328499,0.49056586616715014,0.9100998677375453,0.08990013226245472,0.4407315561066336,0.5592684438933664,0.1438480378409707,0.5123487950343074,0.3438031671247219
Bean,0.11001728711120495,0.5496641549769725,0.23030127080061757,0.11001728711120495,0.2897154437220299,0.2693489825213206,0.23461116271215063,0.20632441104449886,0.5080205493814217,0.49197945061857834,0.7932950243743021,0.20670497562569787,0.506318009019131,0.49368199098086896,0.08148051732910509,0.39430370011004484,0.5242157825608501
Bendigo,0.06812694032424974,0.7060408761641945,0.15770524318730597,0.06812694032424974,0.24620181360920926,0.22890667766785405,0.2510650788991408,0.2738264298237959,0.5121121495327102,0.4878878504672897,0.9376167898016319,0.0623832101983681,0.4542005533663117,0.5457994466336883,0.15162646876932592,0.5051948051948052,0.3431787260358689
Bennelong,0.18028353683520446,0.4501761861837253,0.18925674014586577,0.18028353683520446,0.3098520176783389,0.28372579331225106,0.2105172004592776,0.19590498855013247,0.5115079896562027,0.4884920103437973,0.5501319473930313,0.44986805260696877,0.5417419925941626,0.4582580074058374,0.09044115821616835,0.257892602676244,0.6516662391075877
Berowra,0.16658869173275517,0.4624636275460718,0.20435898898841787,0.16658869173275517,0.2385561914152282,0.2813401464327828,0.2461309900534966,0.23397267209849237,0.5092922083264769,0.49070779167352313,0.6244805800542741,0.3755194199457259,0.5671812963182269,0.4328187036817731,0.07995860761585084,0.3208344565510405,0.5992069358331087
Blair,0.050594634461141326,0.7493500507052642,0.14946068037245322,0.050594634461141326,0.31802049630125856,0.26715032996479426,0.22951438874556365,0.18531478498838352,0.505175209535442,0.49482479046455796,0.8985360758747326,0.10146392412526743,0.5130450887496192,0.4869549112503809,0.14438644709795137,0.6089220962191376,0.24669145668291106
Blaxland,0.043683986275872895,0.7765792837440854,0.1360527437041688,0.043683986275872895,0.389028232532279,0.25385803422499537,0.20459010316920986,0.1525236300735158,0.4821574644544161,0.5178425355455839,0.2634964524207012,0.7365035475792988,0.6769235473382732,0.3230764526617268,0.2232886595684208,0.37088698922145213,0.405824351210127
Bonner,0.11851784024661967,0.5655312395079816,0.1974330799987791,0.11851784024661967,0.27176550674728706,0.2923317182557162,0.23344411964922115,0.2024586553477756,0.5123830456030058,0.4876169543969942,0.7715912705987148,0.22840872940128523,0.5561040693795863,0.4438959306204136,0.08975064803982291,0.4212602940839126,0.4889890578762645
Boothby,0.10812673186036624,0.6077528699400355,0.17599366633923205,0.10812673186036624,0.2671444769517197,0.23798591766171592,0.22722118789982781,0.26764841748673657,0.5196813629194353,0.4803186370805646,0.8148620082207868,0.18513799177921314,0.4612583189149608,0.5387416810850393,0.08513525924262988,0.3977468698021368,0.5171178709552333
Bowman,0.09214714606091297,0.6447225638428706,0.17098314403530349,0.09214714606091297,0.22526978417266186,0.24430723278520042,0.2630475976361768,0.26737538540596095,0.5118417333961376,0.48815826660386247,0.9228698791725863,0.07713012082741362,0.5385066604825013,0.4614933395174987,0.10836801536680868,0.5954884625803433,0.29614352205284805
Braddon,0.060515873015873016,0.7377409297052154,0.14122732426303855,0.060515873015873016,0.23425447293316676,0.20964617694591217,0.2667255034557062,0.2893738466652149,0.5123730066725695,0.48762699332743054,0.9580393218241924,0.041960678175807606,0.4338949012607386,0.5661050987392614,0.1687170823809997,0.5988671370366689,0.2324157805823313
Bradfield,0.24987530711396005,0.33595958103190293,0.16428980474017696,0.24987530711396005,0.22854874841070696,0.29125939280596835,0.2460595623305595,0.2341322964527652,0.5177722739139166,0.4822277260860834,0.6289338165172611,0.3710661834827389,0.5056522291375587,0.49434777086244125,0.06950068046762073,0.2179778700095519,0.7125214495228274
Brand,0.07987353853495585,0.6415930963175057,0.19865982661258252,0.07987353853495585,0.3080834752981261,0.2756984667802385,0.23108177172061328,0.18513628620102215,0.5007376882376883,0.4992623117623118,0.8669860110793887,0.13301398892061134,0.44843560478744393,0.5515643952125561,0.15411099832652053,0.6191050999972566,0.22678390167622287
Brisbane,0.1758382086538176,0.46784268305962246,0.18048089963274236,0.1758382086538176,0.4273935040358398,0.26146706317022617,0.18680080845530966,0.12433862433862433,0.5033204734334841,0.49667952656651587,0.8068528123095323,0.1931471876904677,0.46626134072580644,0.5337386592741935,0.09873011384899415,0.2846640664631966,0.6166058196878093
Bruce,0.061246430963375516,0.725545489795199,0.15196164827804998,0.061246430963375516,0.30101381278913353,0.26710193903999474,0.23586075658650218,0.19602349158436957,0.49942786859628696,0.500572131403713,0.5276141502474904,0.47238584975250963,0.6174914914619952,0.3825085085380048,0.1398376274971005,0.48184961574731455,0.37831275675558496
Bullwinkel,0.10846316796501299,0.5898933989339893,0.19318026513598469,0.10846316796501299,0.23307315864461375,0.24521464411819363,0.26906399058415414,0.25264820665303844,0.495565685366459,0.5044343146335409,0.9062006983059615,0.09379930169403854,0.47583137594263814,0.5241686240573619,0.14370617046877088,0.5637647516377204,0.2925290778935087
Burt,0.06128972653362897,0.7094604582409461,0.16796008869179602,0.06128972653362897,0.3237363121030225,0.30857433391259476,0.20724405624653772,0.160445297737845,0.5048291069459757,0.49517089305402423,0.6975305041644309,0.30246949583556915,0.5048570955360807,0.49514290446391923,0.14027558718165034,0.5532895621660614,0.3064348506522882
Calare,0.08049577771724326,0.6560688018056583,0.18293964275985525,0.08049577771724326,0.2553946925407854,0.2309311009764011,0.25109424260047136,0.2625799638823421,0.4990554174586928,0.5009445825413072,0.947889859408476,0.05211014059152394,0.6346751477803197,0.36532485221968025,0.18645414546791428,0.5411107553278542,0.2724350992042314
Calwell,0.045387319675112135,0.7694508425263669,0.1397745181234089,0.045387319675112135,0.3678077146733863,0.29571622407443304,0.21228144989339018,0.12419461135879047,0.4974987717182545,0.5025012282817455,0.3784621633406404,0.6215378366593596,0.7450160055107581,0.25498399448924186,0.15397001515479541,0.46200476293570036,0.3840252219095042
Canberra,0.16269328354636411,0.4509789841543396,0.22363444875293217,0.16269328354636411,0.3912356856422341,0.23759560130637894,0.19021869444788952,0.18095001860349746,0.5089685790472002,0.49103142095279984,0.7674666782820804,0.23253332171791968,0.3936382854463647,0.6063617145536353,0.09516276304333977,0.20422355764126304,0.7006136793153972
Canning,0.11818871423153104,0.5497281807071516,0.21389439082978634,0.11818871423153104,0.23462440004464785,0.23620424669648912,0.25276687817149923,0.2764044750873638,0.5113920368141968,0.48860796318580324,0.9360600496661954,0.06393995033380467,0.4671347552073016,0.5328652447926984,0.1654596021628337,0.6304264961246876,0.20411390171247865
Capricornia,0.115373145455901,0.5710691120554686,0.19818459703272945,0.115373145455901,0.28263862708780674,0.25654411644183645,0.25352816797521677,0.20728908849514005,0.48819424888137924,0.5118057511186207,0.9431487389267789,0.05685126107322113,0.5774483992494436,0.42255160075055637,0.22788892606222816,0.5519170291067247,0.22019404483104718
Casey,0.08353439955880325,0.6578484764924859,0.17508272438990763,0.08353439955880325,0.25629339943648094,0.2553080109008607,0.26120494541871314,0.22719364424394525,0.5039888715833026,0.49601112841669737,0.9196222027042072,0.08037779729579277,0.4109754513573191,0.5890245486426808,0.10208589804065948,0.5567380374380155,0.34117606452132493
Chifley,0.0431978432185815,0.7592700124429698,0.15433430111986726,0.0431978432185815,0.3383558085161656,0.2995142841398421,0.2082044257610467,0.15392548158294564,0.5046154898117337,0.4953845101882664,0.5015415417874515,0.4984584582125485,0.7340393551324006,0.26596064486759946,0.17044812169176216,0.4073821881905545,0.42216969011768335
Chisholm,0.17554238249888324,0.4716946963020198,0.1772205387002137,0.17554238249888324,0.28763480668319225,0.24557190226314266,0.22818143772333643,0.2386118533303287,0.5121816795780452,0.48781832042195483,0.5596375371332094,0.44036246286679065,0.4980597102240596,0.5019402897759404,0.09251221312339648,0.26156292833796085,0.6459248585386427
Clark,0.09253807756303596,0.6575707154742096,0.1573531293997184,0.09253807756303596,0.33830378030915886,0.2276275225747207,0.21455276909285698,0.21951592802326345,0.5106042166302752,0.4893957833697247,0.7981296325796264,0.2018703674203735,0.40085780270537774,0.5991421972946223,0.10652381923420809,0.34661417075810574,0.5468620100076862
Cook,0.1498151024840878,0.5142487936983627,0.18612100133346163,0.1498151024840878,0.24821568263748317,0.25857077187351307,0.2395703121849722,0.25364323330403155,0.5132887729387644,0.48671122706123565,0.824239902792086,0.175760097207914,0.6408452170292495,0.3591547829707505,0.10438969713606003,0.47984719553481564,0.41576310732912436
Cooper,0.12657825546791482,0.5577562046748143,0.189087284389356,0.12657825546791482,0.3309459840579495,0.2809229764431712,0.20931734180409386,0.17881369769478545,0.5137185654265359,0.48628143457346407,0.6740350139788439,0.32596498602115614,0.4466359660555507,0.5533640339444492,0.10088198770948535,0.2948025345206381,0.6043154777698766
Corangamite,0.09539539942794989,0.6338879265197599,0.17532127462434033,0.09539539942794989,0.2569331884651693,0.24309352902409917,0.22519281121422083,0.2747804712965107,0.5168383393889521,0.483161660611048,0.9224952603179233,0.0775047396820767,0.4716763450371111,0.5283236549628889,0.11220507817514312,0.48772817129213625,0.4000667505327206
Corio,0.09392107562545694,0.6395442144118119,0.1726136343372742,0.09392107562545694,0.29758328276923535,0.24385461218570095,0.22711666247354634,0.23144544257151736,0.510005547283291,0.489994452716709,0.854350918424145,0.14564908157585504,0.5075481798715203,0.49245182012847966,0.12963691481730036,0.48587230694466943,0.38449077823803024
Cowan,0.07198558011573855,0.6846788729722038,0.17134996679631914,0.07198558011573855,0.3043872006439928,0.2752140192268991,0.2257148164775454,0.19468396365156276,0.5048022129357014,0.4951977870642986,0.626481607735947,0.373518392264053,0.5891357910265619,0.41086420897343806,0.13357551516378918,0.507138879044099,0.3592856057921118
Cowper,0.0627966872033128,0.7305575194424806,0.14384910615089386,0.0627966872033128,0.20570711586286694,0.2037010601290788,0.25561808305221007,0.33497374095584426,0.5172658650833906,0.4827341349166095,0.9414170506912443,0.05858294930875576,0.5450102464541876,0.45498975354581245,0.17632742322343978,0.553026383859286,0.27064619291727415
Cunningham,0.10252758988964045,0.6044208550438526,0.19052396517686657,0.10252758988964045,0.2975070769792713,0.23444293812296735,0.23190014259322997,0.23614984230453137,0.5071114357238834,0.4928885642761166,0.8191387392020947,0.1808612607979053,0.5613259458844067,0.43867405411559335,0.11358434962535661,0.4740153201450502,0.41240033022959316
Curtin,0.22935615394954972,0.37347103364846096,0.16781665845243962,0.22935615394954972,0.2857263897340307,0.25647977693391977,0.22567724741386613,0.23211658591818343,0.5163589659307415,0.4836410340692585,0.8244466384279754,0.17555336157202459,0.4815877803181398,0.5184122196818602,0.09582593860001765,0.25719944698834163,0.6469746144116407
Dawson,0.09860595984141195,0.6203935468547311,0.18239453346244497,0.09860595984141195,0.27529737074205624,0.25247709629488374,0.25892112226168623,0.21330441070137382,0.4941726667530432,0.5058273332469567,0.9201209627984906,0.07987903720150931,0.5737710736468501,0.42622892635314996,0.19980918983033366,0.5622453715641277,0.23794543860553866
Deakin,0.11556653426714761,0.573902791618128,0.1949641398475768,0.11556653426714761,0.25856631464673185,0.2724799197477,0.2341333369978219,0.23482042860774627,0.5155850736935169,0.4844149263064831,0.7191255490401551,0.2808744509598448,0.49266191343482124,0.5073380865651788,0.08787450453211028,0.3895835598564749,0.5225419356114148
Dickson,0.09904448105436574,0.6160626029654036,0.18584843492586492,0.09904448105436574,0.2692566361394565,0.2842351729921371,0.2521276330756649,0.19438055779274155,0.5055055243252051,0.49449447567479493,0.9093099316731971,0.09069006832680289,0.531361237265251,0.46863876273474897,0.08558325956526015,0.5453058916101111,0.3691108488246287
Dobell,0.06859335906026037,0.7031932488020016,0.15962003307747763,0.06859335906026037,0.2540646223502778,0.23916760333718556,0.24034701663843464,0.266420757674102,0.516118415037759,0.48388158496224104,0.931266898416377,0.06873310158362302,0.5677884228323001,0.43221157716769987,0.1483951646519383,0.594553286091427,0.2570515492566347
Dunkley,0.07535065970837596,0.6741508746987535,0.1751478058844947,0.07535065970837596,0.2639819004524887,0.2690045248868778,0.24619909502262444,0.22081447963800904,0.5129955895186207,0.48700441048137927,0.8781584980482062,0.12184150195179379,0.43786072834970285,0.5621392716502972,0.1269039667671255,0.5484820628585392,0.32461397037433526
Durack,0.1341821185451024,0.5163633256429975,0.21527243726679768,0.1341821185451024,0.2954660596428646,0.28188436474172573,0.25456135358905135,0.16808822202635834,0.4777984147330421,0.5222015852669579,0.8693122627888417,0.13068773721115828,0.47216336717318114,0.5278366328268188,0.28637881679389315,0.5114612248438585,0.20215995836224843
Eden-monaro,0.09123452829232874,0.6298779149288259,0.1876530284865166,0.09123452829232874,0.236904372436985,0.22812450071136742,0.27158258329085416,0.2633885435607934,0.49807010066691076,0.5019298993330892,0.9134484354511094,0.08655156454889054,0.5446422481413273,0.45535775185867267,0.15300645865550805,0.5129514236332211,0.3340421177112708
Fadden,0.08878406539263041,0.6696929066442661,0.15273896257047315,0.08878406539263041,0.28091119181247937,0.2547969626939584,0.23523935292175635,0.22905249257180588,0.5148650176242691,0.48513498237573094,0.8507417846530327,0.14925821534696732,0.5062040739299152,0.4937959260700848,0.14152884227511092,0.5542456635740218,0.3042254941508673
Fairfax,0.09600829633942216,0.6551197147223637,0.15286369259879193,0.09600829633942216,0.2223362728423829,0.24906157984251023,0.25613438326502785,0.27246776405007905,0.5188941995633446,0.48110580043665546,0.9352447291498227,0.06475527085017725,0.47836594988634284,0.5216340501136572,0.12551963426476526,0.5339057948085673,0.3405745709266675
Farrer,0.057536892042234306,0.7453347047587061,0.13959151115682528,0.057536892042234306,0.24632865179003838,0.2192079871847409,0.2535260589352904,0.28093730208993034,0.5045763161231571,0.49542368387684294,0.9074299939329118,0.09257000606708823,0.6172718678011692,0.3827281321988309,0.20491195434949283,0.5440982390869898,0.2509898065635173
Fenner,0.09751247818853225,0.5759309607867008,0.22904408283623476,0.09751247818853225,0.3550905290725492,0.3219007327944398,0.18512083133976312,0.1378879067932479,0.5027642810657804,0.4972357189342196,0.6723301607278639,0.3276698392721361,0.4884009708189874,0.5115990291810126,0.0769406418760775,0.35819242581661664,0.5648669323073059
Fisher,0.09344292237442922,0.6590867579908676,0.15402739726027398,0.09344292237442922,0.24045989155715994,0.23461219578408282,0.2475255515690461,0.2774023610897111,0.5199152050180044,0.4800847949819956,0.9355184167528502,0.06448158324714982,0.48791009560057347,0.5120899043994265,0.13073394495412843,0.5479685452162516,0.3212975098296199
Flinders,0.12158977288958721,0.5954685044993573,0.16135194972146835,0.12158977288958721,0.19082679173741235,0.2086280541194923,0.25795841296187727,0.34258674118121807,0.5172348531099661,0.48276514689003397,0.9426662794074935,0.057333720592506535,0.4622218948975288,0.5377781051024713,0.1449342363791868,0.520711495342225,0.3343542682785881
Flynn,0.10913537262704137,0.5813852275553345,0.20034402719058278,0.10913537262704137,0.2574281437376128,0.2560064894337635,0.27380225624900695,0.21276311057961683,0.49006831186509037,0.5099316881349096,0.9467424095651933,0.05325759043480668,0.5428172599846668,0.4571827400153332,0.21904050932446897,0.5943715138881064,0.18658797678742464
Forde,0.05432098765432099,0.74880174291939,0.14255628177196805,0.05432098765432099,0.322868890797015,0.27157287761698323,0.21943915055812688,0.18611908102787492,0.5109675550705224,0.48903244492947767,0.8513150772697649,0.14868492273023518,0.4955582913905686,0.5044417086094314,0.15212913625576502,0.6027963103926924,0.24507455335154257
Forrest,0.09994553926215785,0.6107469189341832,0.1893620025415011,0.09994553926215785,0.22349621496283162,0.25948816749641956,0.26134658664666166,0.25566903089408716,0.5071924635490638,0.49280753645093617,0.9236038264083308,0.07639617359166916,0.4475811149298072,0.5524188850701928,0.1504680197534787,0.5859845626299135,0.26354741761660777
Fowler,0.036996119853416685,0.7942444492347489,0.13176331105841776,0.036996119853416685,0.30668576081767895,0.24334512677954678,0.24509308398618482,0.20487602841658945,0.5059321289812762,0.4940678710187238,0.27188118342634393,0.7281188165736561,0.7468469755975562,0.2531530244024438,0.2094870268465146,0.4535013720906596,0.3370116010628258
Franklin,0.06866742782580329,0.7004566954819769,0.16220844886641658,0.06866742782580329,0.2533173723023411,0.23904278986775684,0.24370687416006956,0.26393296366983254,0.5117580786494751,0.48824192135052485,0.9106163580970237,0.08938364190297633,0.43066890662743423,0.5693310933725658,0.10982188295165395,0.47131467345207806,0.41886344359626804
Fraser,0.09288123383214905,0.6363338681685713,0.17790366416713055,0.09288123383214905,0.3531878482269411,0.2755246673677472,0.2009575628523093,0.17032992155300233,0.49645857963181894,0.5035414203681811,0.452773198437253,0.5472268015627471,0.5262261402263644,0.4737738597736357,0.15462366502797084,0.34531276487540263,0.5000635700966265
Fremantle,0.12117321595060143,0.5562841028933009,0.2013694652054962,0.12117321595060143,0.29246128868102844,0.28051469697336856,0.23361685285256178,0.19340716149304124,0.5094501663961808,0.4905498336038192,0.7997904467595509,0.2002095532404491,0.4853033457885279,0.514696654211472,0.11837774340245874,0.45288965910280415,0.4287325974947371
Gellibrand,0.12192223468461251,0.5578699994658975,0.19828553116487743,0.12192223468461251,0.31008095511803935,0.3593465419214548,0.19463161612454208,0.13594088683596375,0.4984139491655554,0.5015860508344446,0.5336641437476297,0.46633585625237023,0.5553611823254411,0.4446388176745589,0.11052889804729664,0.3452458051221666,0.5442252968305368
Gilmore,0.07913685668128317,0.6852296330486961,0.1564966535887376,0.07913685668128317,0.19295148775489843,0.19283636614810779,0.261418144700185,0.35279400139680883,0.5066349919266532,0.4933650080733468,0.9496137361765172,0.05038626382348273,0.5375386730835339,0.46246132691646613,0.16207603796104242,0.5543749058505892,0.28354905618836834
Gippsland,0.07529998991630533,0.7011697085812242,0.14823031158616518,0.07529998991630533,0.22389307943451758,0.20671630988950898,0.2626855589687505,0.30670505170722295,0.5053773054718235,0.4946226945281766,0.9447129888413446,0.05528701115865541,0.4609947056224696,0.5390052943775304,0.19484202888991492,0.5697777191478135,0.2353802519622716
Goldstein,0.21782644795009312,0.39510356125036467,0.1692435428494491,0.21782644795009312,0.22957377487179106,0.2606333632673054,0.2626965808477004,0.2470962810132031,0.519565230040556,0.48043476995944395,0.7813597825890463,0.2186402174109537,0.4850857046829487,0.5149142953170514,0.08810598918275195,0.2921351659802511,0.619758844836997
Gorton,0.06151290033038596,0.7179115023967305,0.15906269694249756,0.06151290033038596,0.3163510209574794,0.30461991670841215,0.22194142672359007,0.15708763561051836,0.49919394563611125,0.5008060543638888,0.4687418008348241,0.5312581991651759,0.7396024825202294,0.2603975174797706,0.13082318855312985,0.45684550283376113,0.412331308613109
Grayndler,0.1615015920138692,0.474828051171065,0.20216876480119655,0.1615015920138692,0.33549743964886614,0.28394575431883406,0.20714928816611333,0.1734075178661865,0.5117895288262856,0.4882104711737144,0.6770231434306948,0.3229768565693052,0.44768543537894284,0.5523145646210572,0.09653376606222994,0.2782893371322905,0.6251768968054796
Greenway,0.10239087519192805,0.579776266725159,0.21544198289098487,0.10239087519192805,0.3176613746243303,0.36119005618711614,0.19449888932444792,0.12664967986410558,0.4987871544869368,0.5012128455130632,0.5418018018018018,0.4581981981981982,0.6867317508120354,0.3132682491879646,0.10601127253946512,0.3649316237396987,0.5290571037208363
Grey,0.07285433598285256,0.6980664463695633,0.1562248816647316,0.07285433598285256,0.22640815275376183,0.2092564659136897,0.2761193480740223,0.2882160332585262,0.4934804413239719,0.506519558676028,0.9394388772496656,0.06056112275033445,0.4640975075683127,0.5359024924316873,0.21081287090978384,0.5952659661349159,0.19392116295530026
Griffith,0.15818885857608025,0.4895384141511925,0.194083868696647,0.15818885857608025,0.4005403255667247,0.2782676668632318,0.19246012699022202,0.12873188057982143,0.5111774311616645,0.48882256883833547,0.793803988482457,0.20619601151754294,0.4712129572527508,0.5287870427472492,0.09634303974722631,0.3043068471509102,0.5993501131018635
Groom,0.0722979700485644,0.6983114217787982,0.1570926381240729,0.0722979700485644,0.2843635291033036,0.23507964079706345,0.2324003670686943,0.24815646303093863,0.517175572519084,0.48282442748091603,0.9005119263769902,0.0994880736230098,0.6337088969731219,0.3662911030268781,0.13191417600664176,0.5395132835201328,0.3285725404732254
Hasluck,0.07788976434740277,0.6617384562681428,0.18248201503705172,0.07788976434740277,0.31675908150906706,0.28739505491336625,0.22019724320895093,0.17564862036861575,0.5045548885823298,0.4954451114176702,0.738815785168851,0.26118421483114895,0.5212229283830948,0.4787770716169052,0.13026899701982014,0.5445270103200115,0.3252039926601684
Hawke,0.05538973136481099,0.7284400729181274,0.16078046435225066,0.05538973136481099,0.3164951972304842,0.2864514765875144,0.2218456937604629,0.1752076324215385,0.5076344098888343,0.4923655901111656,0.7735428564192826,0.22645714358071747,0.5607189319224088,0.43928106807759115,0.13781289789060552,0.5637478177546171,0.2984392843547773
Herbert,0.067482983266118,0.6989361119728462,0.16609792149491778,0.067482983266118,0.33421759115423527,0.2531765568115734,0.23138079646934176,0.18122505556484955,0.5043554591062317,0.49564454089376825,0.9090752767820531,0.09092472321794685,0.5376017032925253,0.46239829670747473,0.16990523114049422,0.5370277268042533,0.2930670420552525
Hindmarsh,0.07823180162650302,0.6812020821899583,0.1623343145570357,0.07823180162650302,0.26955287437899217,0.23401703335699078,0.24777146912704046,0.2486586231369766,0.5127484336148287,0.48725156638517136,0.7598824561614365,0.2401175438385635,0.5441205882745104,0.4558794117254897,0.10481612520312086,0.4945892060711528,0.40059466872572635
Hinkler,0.06550130600763512,0.7300152128361893,0.13898217514854042,0.06550130600763512,0.19518563786726773,0.19304274671026525,0.25620247940443497,0.35556913601803203,0.5162301992846193,0.48376980071538067,0.9458681724400043,0.054131827559995654,0.5452910398953564,0.45470896010464357,0.17710547608925217,0.6014509647955895,0.22144355911515834
Holt,0.03252693213310829,0.8094017628305308,0.12554437290325268,0.03252693213310829,0.35502134029812715,0.31313702382469105,0.2023426551153013,0.1294989807618805,0.5003210898707613,0.49967891012923865,0.564716011058835,0.43528398894116505,0.5518783309502144,0.4481216690497855,0.12514090985656348,0.537802713243583,0.33705637689985357
Hotham,0.10134787529581232,0.6157306013258271,0.18157364808254817,0.10134787529581232,0.3549176257074011,0.25070970036236107,0.19409921703035618,0.20027345689988166,0.4985094335847622,0.5014905664152378,0.4616190286665899,0.5383809713334101,0.5517682536781504,0.4482317463218496,0.11503544793297119,0.31649019427308717,0.5684743577939416
Hughes,0.10206664530599167,0.5968920217878885,0.19897468760012815,0.10206664530599167,0.2710557917626822,0.28186362013566585,0.2429732887605076,0.2041072993411444,0.5074116654232355,0.49258833457676454,0.7336667688691297,0.26633323113087026,0.6668138447146866,0.33318615528531337,0.1046821830426483,0.48442631697513666,0.4108914999822151
Hume,0.08103018455081873,0.6456229711067669,0.19231665979159568,0.08103018455081873,0.30760884307608843,0.28868393688683935,0.2243139382431394,0.17939328179393282,0.5050876756459449,0.4949123243540551,0.8503934321065167,0.14960656789348328,0.6806065324583843,0.3193934675416157,0.11434729667315148,0.5954177105347871,0.2902349927920615
Hunter,0.07881852476121678,0.6602456055863232,0.1821173448912433,0.07881852476121678,0.2687451570263002,0.232538705805491,0.24253612288618442,0.2561800142820244,0.5022140004698145,0.4977859995301856,0.9580210361321383,0.04197896386786174,0.5580795709460331,0.44192042905396695,0.15213579465198968,0.629353173250207,0.21851103209780331
Indi,0.05774388757121007,0.7390330946733757,0.1454791301842041,0.05774388757121007,0.21322758883490522,0.21651424216442794,0.26913245054142454,0.3011257184592423,0.5078695878912017,0.4921304121087982,0.9466752891565453,0.05332471084345466,0.4943852637800262,0.5056147362199739,0.16542984640418135,0.555928108281354,0.2786420453144646
Isaacs,0.09744544351554839,0.6290325261355892,0.17607658683331395,0.09744544351554839,0.28313783507696644,0.2729648807636761,0.23067385254852232,0.21322343161083518,0.507879048343196,0.4921209516568041,0.5763655413807397,0.42363445861926036,0.5435611973713268,0.45643880262867326,0.11520609629373052,0.42214524881653387,0.4626486548897356
Jagajaga,0.13748613626472364,0.5293209226579062,0.19570680481264655,0.13748613626472364,0.2516671812287743,0.2691725841309046,0.24468971904908923,0.23447051559123186,0.511797467742715,0.48820253225728505,0.795372279781448,0.204627720218552,0.49708836704221526,0.5029116329577847,0.08079157785399738,0.3695941486426539,0.5496142735033487
Kennedy,0.07110668168818789,0.6834214403327845,0.17436519629083977,0.07110668168818789,0.2578539620569755,0.23337705118038188,0.26427438540840603,0.24449460135423656,0.4901372788107559,0.509862721189244,0.9011602108999791,0.09883978910002088,0.5774828444310384,0.42251715556896163,0.23943169908000467,0.5601749414489603,0.20039335947103504
Kingsford Smith,0.15094850948509486,0.5131730882526216,0.18492989277718863,0.15094850948509486,0.3567921981686339,0.26044699094902873,0.19753347800772772,0.18522733287460966,0.5067955382282867,0.49320446177171323,0.6129088147476509,0.3870911852523491,0.603321057828303,0.39667894217169697,0.1303751394655497,0.3234137508459386,0.5462111096885117
Kingston,0.04357334096343682,0.7731406732203806,0.13971264485274582,0.04357334096343682,0.2626858608371752,0.24774829786584435,0.24438982688608676,0.24517601441089365,0.510143880561074,0.489856119438926,0.9115767665926167,0.08842323340738337,0.3947986488626168,0.6052013511373833,0.10480451609722427,0.611978011142336,0.2832174727604398
Kooyong,0.23025350101162376,0.3842385051771333,0.15525449279961914,0.23025350101162376,0.29964431822974513,0.2320296354613319,0.2321631918572774,0.23616285445164556,0.5243777799347946,0.4756222200652053,0.7173489970600936,0.2826510029399064,0.47845681624319114,0.5215431837568089,0.07932192980871701,0.21023065946570815,0.7104474107255748
LINGIARI,0.07868852459016394,0.6426229508196721,0.2,0.07868852459016394,0.369882128300224,0.2842140050673815,0.23469075508880158,0.11121311154359294,0.4883826137309544,0.5116173862690456,0.5618914876949529,0.43810851230504716,0.5511086399019586,0.4488913600980414,0.26373069551232625,0.47018131347623976,0.266087991011434
La Trobe,0.05817331123891217,0.7235598011502096,0.16009357637196608,0.05817331123891217,0.3360285788969243,0.31211117887949813,0.20243966193256077,0.14942058029101682,0.5067749321255646,0.49322506787443543,0.7301257977256611,0.26987420227433884,0.49311165433617715,0.5068883456638228,0.11506014685205436,0.5331849190230693,0.3517549341248763
Lalor,0.049641425046267736,0.7390306909315237,0.16168645897594078,0.049641425046267736,0.3648066692766506,0.32082843961341534,0.18726634886273788,0.1270985422471962,0.49977527341734224,0.5002247265826578,0.5173278748654117,0.4826721251345883,0.6181584551654731,0.3818415448345269,0.13342455586993832,0.43113085022496406,0.43544459390509765
Leichhardt,0.07884303137862024,0.6747347354906922,0.16757920175206736,0.07884303137862024,0.2740310764504313,0.26780544724093114,0.25957845917523337,0.19858501713340423,0.5043417358971877,0.49565826410281233,0.7948604593882822,0.20513954061171774,0.5155675311552711,0.48443246884472885,0.20005656846960532,0.506538009660154,0.29340542187024066
Lilley,0.10374492404872913,0.5932771845390284,0.1992329673635133,0.10374492404872913,0.309392437907373,0.2785375994498023,0.21287337636963283,0.19919658627319192,0.5127567125933078,0.48724328740669215,0.8373559694025756,0.16264403059742438,0.5417615524972065,0.4582384475027935,0.0993024302430243,0.4382200720072007,0.462477497749775
Lindsay,0.05266111354669005,0.7215081104778606,0.1731696624287593,0.05266111354669005,0.337021839027464,0.28488327416355447,0.21181243948545345,0.16628244732352807,0.5067772120544929,0.4932227879455071,0.7857033108187008,0.21429668918129913,0.6379642442406247,0.3620357557593753,0.16101387899911304,0.5408312408649703,0.29815488013591673
Longman,0.05486183021664535,0.7447564516456519,0.14551988792105744,0.05486183021664535,0.27221040147894937,0.23626216470752381,0.23654818793819107,0.2549792458753357,0.5096499643586432,0.4903500356413568,0.9341138096405741,0.06588619035942588,0.4869033777539278,0.5130966222460722,0.14587483207485988,0.648191040904248,0.2059341270208922
Lyne,0.06950839559954783,0.710579282582922,0.1504039262179823,0.06950839559954783,0.17011389234574126,0.18341708542713567,0.2695846001165703,0.3768844221105528,0.5111545516282789,0.48884544837172106,0.9707801629022789,0.02921983709772112,0.594907116638055,0.40509288336194504,0.1742316844716723,0.5996152093564883,0.2261531061718394
Lyons,0.0497131931166348,0.7787936728663306,0.12177994090039979,0.0497131931166348,0.2322132740905304,0.21548458761455153,0.27740072202166066,0.2749014162732574,0.5017777541923159,0.49822224580768415,0.9641785428719252,0.03582145712807488,0.46273383269932156,0.5372661673006784,0.17252879357815953,0.5935161127700004,0.23395509365184008
Macarthur,0.048603908227191635,0.7420653030743061,0.16072688047131062,0.048603908227191635,0.3347564443161853,0.2890075286249013,0.20959623823387116,0.16663978882504224,0.5077990460261413,0.49220095397385866,0.6549198543044616,0.3450801456955384,0.6890352094317885,0.31096479056821147,0.1422209929470336,0.5165675563545844,0.341211450698382
Mackellar,0.18803339193610358,0.45806797145152467,0.1658652446762682,0.18803339193610358,0.22395051522469017,0.2622896135633534,0.25870733352187436,0.255052537690082,0.5108744672694884,0.4891255327305116,0.8366337501973234,0.16336624980267658,0.5395343940247852,0.46046560597521474,0.09582727551454372,0.420803291497295,0.4833694329881613
Macnamara,0.18190336100588378,0.4521036511646651,0.18408962682356733,0.18190336100588378,0.38148571901191003,0.2726000771945302,0.1900088222320247,0.15590538156153508,0.5108078576688282,0.48919214233117175,0.7244193306299546,0.2755806693700455,0.3828150987628899,0.6171849012371101,0.10782782748237811,0.24101219080814792,0.651159981709474
Macquarie,0.09000886283065176,0.622204799563676,0.19777747477502045,0.09000886283065176,0.23933352206090508,0.24459902131273506,0.26273304484975935,0.2533344117766005,0.509174771884087,0.49082522811591295,0.9296796502903373,0.07032034970966268,0.556704768549871,0.44329523145012895,0.10044247787610619,0.5266068933395436,0.37295062878435026
Makin,0.04563727108539025,0.7635018352009011,0.14522362262831842,0.04563727108539025,0.2819412298948232,0.25438724987548705,0.22988017461108018,0.23379134561860956,0.5032372051265819,0.49676279487341807,0.7560826777541803,0.24391732224581975,0.49204114550908373,0.5079588544909163,0.10246997228210657,0.5589159223898984,0.3386141053279951
Mallee,0.05076377856531834,0.7709397531467677,0.12753268972259563,0.05076377856531834,0.23241788623880266,0.20375271869355255,0.26488738157555203,0.29894201349209276,0.5025068208847329,0.49749317911526714,0.9109881422924901,0.08901185770750988,0.524795805183019,0.47520419481698095,0.22241628365068944,0.5557189757058437,0.22186474064346684
Maranoa,0.07388578653461174,0.7084869876725318,0.14374143925824465,0.07388578653461174,0.23453867248045512,0.2148234572737647,0.2680673127693277,0.28257055747645243,0.5010830658688962,0.49891693413110383,0.9583678752708815,0.04163212472911849,0.6391507482112897,0.36084925178871025,0.23405176273918624,0.5601659751037344,0.20578226215707932
Maribyrnong,0.13608936187068407,0.5355902663163316,0.19223100994230033,0.13608936187068407,0.3062078635771344,0.26740694578210866,0.2179196646082375,0.20846552603251942,0.5114673906817426,0.4885326093182573,0.6918867305224838,0.30811326947751616,0.6083896625675272,0.3916103374324728,0.10183346225409236,0.352005937323605,0.5461606004223026
Mayo,0.09647050400916381,0.6410008591065293,0.16605813287514318,0.09647050400916381,0.20031674076657077,0.22397059250864498,0.2676459477523029,0.30806671897248133,0.5104214034502011,0.48957859654979885,0.9556834515067867,0.044316548493213294,0.40310847600425026,0.5968915239957497,0.11456132090965827,0.5280463369502141,0.35739234214012766
McPherson,0.09773391291954678,0.6411316183282263,0.16340055583268012,0.09773391291954678,0.26447934845840604,0.26603839441535776,0.23080860965677719,0.238673647469459,0.5234646227568334,0.4765353772431666,0.8837161356827626,0.11628386431723738,0.5019477699052582,0.4980522300947417,0.13211444049432877,0.502973872806275,0.3649116866993962
Mcewen,0.09310761789600967,0.6266270716267159,0.18715769258126466,0.09310761789600967,0.2853520903576805,0.3080031339959328,0.23606208129022035,0.17058269435616633,0.5050845940953513,0.49491540590464866,0.8189511681540158,0.18104883184598417,0.5100843445364825,0.4899156554635174,0.10099622563997226,0.5204380311705651,0.3785657431894626
Mcmahon,0.048302949753030094,0.7439249370177143,0.15946916347622542,0.048302949753030094,0.2982424250898363,0.2682294215523148,0.23722367482766818,0.1963044785301808,0.5030849245936896,0.4969150754063104,0.4611166500498505,0.5388833499501495,0.780222642239519,0.219777357760481,0.15901586030920098,0.46825436533746934,0.37272977435332966
Melbourne,0.14963841848971582,0.5066047677883567,0.19411839523221164,0.14963841848971582,0.5606653101884234,0.22326784086814608,0.12122994425722218,0.09483690468620844,0.5058778147451661,0.49412218525483387,0.6019253284766489,0.39807467152335113,0.3186596624679131,0.6813403375320869,0.11909974778563776,0.19174280789783654,0.6891574443165257
Menzies,0.14347586965488796,0.5303451120582978,0.1827031486319263,0.14347586965488796,0.26739434137170165,0.24700030029637948,0.2314958676606912,0.2541094906712277,0.5172082675244127,0.4827917324755873,0.5245372784150156,0.47546272158498437,0.5099679063620918,0.49003209363790823,0.09230141281459012,0.3006706926780397,0.6070278945073702
Mitchell,0.16402665045708634,0.4615678001454095,0.21037889894041786,0.16402665045708634,0.2419221754083637,0.31541668796413264,0.23479543479689519,0.20786570183060848,0.5089101112533229,0.4910898887466772,0.5799018946042033,0.4200981053957968,0.6456270569287865,0.3543729430712135,0.07087649089767734,0.3407191619585687,0.5884043471437539
Monash,0.077308334403493,0.6971876203929627,0.14819571080005137,0.077308334403493,0.21206104658594155,0.2067437560181674,0.2660690395643912,0.31512615783149983,0.5114625946777918,0.4885374053222083,0.947960183237777,0.05203981676222305,0.4485397950905868,0.5514602049094132,0.16454196289940345,0.5676364032578791,0.26782163384271745
Moncrieff,0.10932805018986297,0.6373452204061416,0.1439986792141324,0.10932805018986297,0.3028622669998615,0.23442105193751936,0.22485378767398773,0.23786289338863137,0.5106728742094168,0.4893271257905833,0.8076160748195974,0.1923839251804026,0.5076377927391038,0.4923622072608962,0.1678837065158441,0.4686023088246688,0.3635139846594871
Moore,0.1507948800991312,0.4987538195080051,0.19965642029373248,0.1507948800991312,0.22763843622565458,0.2618125423141719,0.2651898036622424,0.24535921779793113,0.5068247454020368,0.49317525459796324,0.8890796100934674,0.11092038990653269,0.5166868190317615,0.48331318096823855,0.09171739203009024,0.4739881820103936,0.4342944259595162
Moreton,0.11594040371675746,0.5850048061518744,0.1831143864146107,0.11594040371675746,0.3443028643639427,0.2745216030809965,0.20322090504272475,0.177954627512336,0.5036860287047259,0.49631397129527405,0.6227998933657369,0.37720010663426307,0.48438348824575633,0.5156165117542436,0.09846956558476537,0.3335375320820879,0.5679929023331467
New England,0.06674894142179288,0.6986616166989382,0.167840500457476,0.06674894142179288,0.25363032955566506,0.21887771368945827,0.2505072316744442,0.2769847250804324,0.5069159793327067,0.4930840206672933,0.9426927307086997,0.057307269291300304,0.6388756459886725,0.3611243540113274,0.20787960213076886,0.5364399189176449,0.2556804789515863
Newcastle,0.10646858557722068,0.6015320334261839,0.1855307954193748,0.10646858557722068,0.33530003253186647,0.2387025700174489,0.21730547422588944,0.20869192322479518,0.50878301453802,0.49121698546198,0.8884361054513181,0.11156389454868186,0.49059672935513765,0.5094032706448623,0.11572999587879314,0.4417716851397957,0.4424983189814112
Nicholls,0.05652527600232423,0.7501685066821615,0.13678094131319002,0.05652527600232423,0.24304332511447693,0.21626567836194618,0.25727062499042835,0.28342037153314853,0.5019412356803912,0.4980587643196089,0.8908132237821051,0.1091867762178948,0.5496047320026912,0.45039526799730883,0.1984460087661044,0.5621596493558242,0.23939434187807146
O'connor,0.09786786569004279,0.6071687577054173,0.19709551091449706,0.09786786569004279,0.2345433263999165,0.23576599345425808,0.2747049570202709,0.2549857231255545,0.4885163094990406,0.5114836905009594,0.9160392146785219,0.08396078532147813,0.44829753160665176,0.5517024683933482,0.23049733349869775,0.5456281780974823,0.2238744884038199
Oxley,0.07458172345670379,0.6812881344079442,0.16954841867864823,0.07458172345670379,0.3263430194958545,0.2956859154622545,0.2207035365756182,0.15726752846627282,0.49968903472088183,0.5003109652791181,0.6676743237107833,0.3323256762892167,0.5495174164706207,0.4504825835293793,0.1175396991467299,0.4867475762014368,0.39571272465183327
Page,0.05322017962738452,0.7520845188905658,0.14147512185466513,0.05322017962738452,0.20819761722592633,0.2132254891244945,0.27224104638029656,0.3063358472692826,0.5058333045411095,0.49416669545889047,0.9497025385453979,0.05029746145460209,0.5347246903342153,0.46527530966578473,0.19106983553308782,0.5444907015577464,0.26443946290916576
Parkes,0.06899517893936666,0.6926723879253436,0.1693372541959231,0.06899517893936666,0.26477194756419054,0.21859087790256762,0.2540103282655014,0.2626268462677404,0.5044478527607362,0.49555214723926383,0.9507109939128078,0.04928900608719225,0.6640135858246019,0.3359864141753981,0.261292042260347,0.5138606183968207,0.22484733934283221
Parramatta,0.09441276230944128,0.6005193385267186,0.21065513685439885,0.09441276230944128,0.346447556918414,0.3094846264044611,0.18747262114772148,0.1565951955294034,0.4939305824794609,0.5060694175205391,0.3640554574061477,0.6359445425938524,0.5930309557698602,0.4069690442301398,0.11971550543183918,0.27152027780432636,0.6087642167638344
Paterson,0.06515521596626375,0.698858061418342,0.1708315066491305,0.06515521596626375,0.2662685271517217,0.2342619682988779,0.23689836993216087,0.2625711346172395,0.5108222703623471,0.489177729637653,0.9471473799832009,0.05285262001679912,0.5714352773921849,0.42856472260781514,0.1291974217694147,0.6357339640295249,0.2350686142010604
Pearce,0.09213818065683717,0.6260712194602651,0.18965241922606058,0.09213818065683717,0.31036889501727866,0.29325196193589026,0.23726231210527213,0.15911683094155898,0.509747735121878,0.490252264878122,0.8543431682817998,0.14565683171820024,0.4731733753756713,0.5268266246243287,0.12264052424092108,0.5979688275069838,0.27939064825209514
Perth,0.15141885900088678,0.498940782343088,0.19822149965513844,0.15141885900088678,0.35213578500707216,0.2745049504950495,0.19747524752475248,0.1758840169731259,0.5042492749841356,0.49575072501586437,0.7211971140551547,0.27880288594484526,0.4693940034553394,0.5306059965446607,0.11823486784392997,0.3307525077234067,0.5510126244326633
Petrie,0.07816306778359977,0.6776524380068751,0.1660214264259253,0.07816306778359977,0.26289579674263425,0.2729048959237079,0.2270704163757045,0.2371288909579533,0.5186658391127182,0.48133416088728176,0.8464253245469895,0.15357467545301057,0.5398275584405932,0.46017244155940684,0.12127043131252392,0.5510851145246816,0.32764445416279453
Rankin,0.0483630335681724,0.764774140074596,0.13849979278905927,0.0483630335681724,0.319380380174516,0.2912565737285895,0.21990774745130298,0.16945529864559156,0.5052153296976768,0.4947846703023232,0.6586679950072715,0.3413320049927285,0.5317049133205122,0.46829508667948777,0.15287058992598979,0.5153409499173672,0.33178846015664293
Reid,0.14654142861753977,0.5199423302454192,0.1869748125195012,0.14654142861753977,0.3932099453020115,0.25812408763403355,0.1867001225281844,0.16196584453577062,0.503776093021897,0.49622390697810304,0.4260023812837284,0.5739976187162716,0.5546044013623265,0.4453955986376736,0.11587715142902258,0.27956734564977104,0.6045555029212064
Richmond,0.08764425622022234,0.6782424563260985,0.14646903123345686,0.08764425622022234,0.1995290214606259,0.23137931545194687,0.2577274544942905,0.31136420859313674,0.5195114862420148,0.4804885137579852,0.9358452399242075,0.06415476007579249,0.474685132559701,0.525314867440299,0.17118616235152445,0.49487109310854455,0.33394274453993106
Riverina,0.07672183464450053,0.6845405967047647,0.16201573400623423,0.07672183464450053,0.2530710750030801,0.22158123219863604,0.25154187895434876,0.27380581384393504,0.5037624511270669,0.49623754887293314,0.9385192754740433,0.061480724525956605,0.6615912757469267,0.3384087242530734,0.1832291947528223,0.5415636026868926,0.2752072025602851
Robertson,0.10973441174783456,0.6005277347559227,0.18000344174840818,0.10973441174783456,0.21890510408178385,0.23600102065173553,0.25307224403453754,0.2920216312319431,0.5154031295454398,0.4845968704545603,0.9094855371617452,0.09051446283825486,0.5482622148665179,0.45173778513348206,0.13218664808498673,0.5183188469578611,0.3494945049571521
Ryan,0.1743829376215525,0.4559800556041403,0.19525406915275476,0.1743829376215525,0.3234758620689655,0.2769497536945813,0.2104591133004926,0.1891152709359606,0.5089529367952577,0.49104706320474234,0.8180262263723541,0.1819737736276459,0.486214781599566,0.513785218400434,0.06945790461265645,0.29027568715590657,0.640266408231437
SOLOMON,0.08835758835758836,0.6203593703593704,0.20292545292545291,0.08835758835758836,0.3664830724736305,0.29664639333106496,0.21126446070091867,0.12560607349438585,0.49784859268845033,0.5021514073115496,0.7137920229195577,0.28620797708044227,0.47591295182590365,0.5240870481740963,0.1627655905594458,0.42455503741134487,0.41267937202920935
Scullin,0.03686820395365902,0.7838162371305952,0.1424473549620867,0.03686820395365902,0.320599325262949,0.2801074694307479,0.21435113804631567,0.1849420672599875,0.5006220219233387,0.4993779780766613,0.4478132596069991,0.552186740393001,0.7085226681466579,0.2914773318533421,0.1360344106265035,0.4604251647317226,0.40354042464177386
Shortland,0.08159062103929024,0.6566856780735107,0.18013307984790874,0.08159062103929024,0.2375697327451998,0.23089647119875453,0.24712960560456668,0.28440419045147897,0.5117782264721196,0.48822177352788043,0.9497571241380223,0.05024287586197768,0.5433952189271338,0.4566047810728662,0.12003332155298632,0.5826854142474882,0.29728126419952544
Spence,0.034615837157312625,0.8206141899046947,0.11015413578068008,0.034615837157312625,0.32218709238359894,0.2511271479612091,0.23469489026257584,0.19199086939261611,0.5048267727830582,0.4951732272169418,0.8009318847340644,0.19906811526593562,0.4262884282138502,0.5737115717861498,0.1657496561210454,0.6401237964236589,0.19412654745529573
Sturt,0.1250255529661883,0.5819807296564319,0.16796816441119153,0.1250255529661883,0.2671567323044172,0.24656732304417242,0.2248602980308675,0.26141564662054284,0.5162261411674282,0.48377385883257185,0.6840341037312653,0.3159658962687348,0.5402286385036427,0.45977136149635733,0.08349561130030217,0.34321070554942684,0.573293683150271
Swan,0.11912559244980586,0.5807735356298968,0.1809752794704915,0.11912559244980586,0.370905484372487,0.25440277703318503,0.19218758376668632,0.18250415482764168,0.4972058791365018,0.5027941208634982,0.6557333956422688,0.34426660435773115,0.49873137157689057,0.5012686284231095,0.1384653315126688,0.37044833864360494,0.4910863298437263
Sydney,0.19431756599829683,0.4156847565224123,0.19568011148099404,0.19431756599829683,0.462786996328338,0.27250140510670934,0.1552288354160429,0.1094827631489098,0.4867396155447541,0.5132603844552459,0.6379583652119993,0.3620416347880006,0.35339636380448225,0.6466036361955178,0.11277084164470286,0.2214737447924501,0.6657554135628471
Tangney,0.1569846202884692,0.4928015512524238,0.19322920817063777,0.1569846202884692,0.24788075122730904,0.2693443886288389,0.24373501541271836,0.23903984473113368,0.5129587898854444,0.4870412101145556,0.7011187820649388,0.2988812179350611,0.5392121821112332,0.46078781788876677,0.0883124981142702,0.3646247146262232,0.5470627872595066
Wannon,0.07237691113103961,0.7175572519083969,0.13768892582952383,0.07237691113103961,0.21880584380976267,0.21415807129197104,0.26971972285794904,0.29731636204031725,0.502250191406323,0.49774980859367707,0.9578624259365763,0.0421375740634237,0.5034817780001668,0.4965182219998332,0.17204800619434765,0.5410117434507679,0.2869402503548845
Warringah,0.24775408330013576,0.3343387452134535,0.17015308818627492,0.24775408330013576,0.2762937048795778,0.28635753911279177,0.23097611777314916,0.20637263823448126,0.5226126273356213,0.4773873726643787,0.809246036685413,0.19075396331458702,0.4886706397470202,0.5113293602529798,0.0808890069656037,0.25052096738038504,0.6685900256540113
Watson,0.04841522974185189,0.7692614372570518,0.1339081032592445,0.04841522974185189,0.34041387622060615,0.2634044126710218,0.21568949696645986,0.18049221414191216,0.49181968227769757,0.5081803177223024,0.26690706790867746,0.7330929320913225,0.7180124353852767,0.28198756461472324,0.20232220261037667,0.3764753911362463,0.421202406253377
Wentworth,0.24829869117729766,0.33573833187372953,0.1676642857716751,0.24829869117729766,0.3382559117674549,0.2751058176331566,0.1983296169201394,0.18830865367924907,0.511628684832538,0.48837131516746196,0.8052067399475887,0.19479326005241127,0.4453549165493666,0.5546450834506335,0.11359444945445092,0.2125975935720263,0.6738079569735228
Werriwa,0.05029234317128282,0.7431340119732581,0.1562813016841762,0.05029234317128282,0.32522693233816846,0.28527691123780524,0.24025452830344804,0.14924162812057823,0.5037530324502197,0.4962469675497802,0.3834147717799751,0.6165852282200249,0.7941432442589552,0.20585675574104476,0.15980477288379197,0.4789202622990089,0.3612749648171992
Whitlam,0.08508730973947147,0.6554860397796246,0.17433934074143245,0.08508730973947147,0.24621726849377815,0.2322161997099015,0.2456676082143675,0.27589892358195284,0.513330416996725,0.48666958300327495,0.9087862947180656,0.0912137052819344,0.5897357796024705,0.4102642203975295,0.12583201267828842,0.5884956271644068,0.2856723601573047
Wide Bay,0.09056787189803689,0.6800961304782221,0.1387681257257041,0.09056787189803689,0.1788852961059482,0.2061461022830009,0.2850045203906269,0.32996408122042403,0.504942950793828,0.49505704920617194,0.9593469571898857,0.04065304281011427,0.49641206608885674,0.5035879339111433,0.17372008242193693,0.5805331008612036,0.24574681671685952
Wills,0.1187712510259116,0.5626815700681336,0.19977592788004325,0.1187712510259116,0.3813715059483509,0.27209042046066906,0.1819532145966037,0.16458485899437636,0.5160758120682766,0.4839241879317235,0.6629651520307583,0.3370348479692416,0.4373972179733,0.5626027820267,0.09533324367423006,0.27455858902188324,0.6301081673038867
Wright,0.06880819366852886,0.7055307262569832,0.15685288640595904,0.06880819366852886,0.2582062376989363,0.2690938308553063,0.26307874892192923,0.20962118252382814,0.5030606290803801,0.4969393709196199,0.9294684861058352,0.07053151389416475,0.5143059533709077,0.4856940466290924,0.14257525751400618,0.6132885448843682,0.24413619760162553
